ISO-10303-21;
HEADER;
/* Generated by software containing ST-Developer
 * from STEP Tools, Inc. (www.steptools.com) 
 */

FILE_DESCRIPTION(
/* description */ (''),
/* implementation_level */ '2;1');

FILE_NAME(
/* name */ 'transmitter body.step',
/* time_stamp */ '2026-04-18T14:42:34-07:00',
/* author */ (''),
/* organization */ (''),
/* preprocessor_version */ 'ST-DEVELOPER v20.1',
/* originating_system */ 'Autodesk Translation Framework v14.24.0.0',
/* authorisation */ '');

FILE_SCHEMA (('AUTOMOTIVE_DESIGN { 1 0 10303 214 3 1 1 }'));
ENDSEC;

DATA;
#10=MECHANICAL_DESIGN_GEOMETRIC_PRESENTATION_REPRESENTATION('',(#16,#17,
#18,#19),#2274);
#11=SHAPE_REPRESENTATION_RELATIONSHIP('SRR','None',#2281,#12);
#12=ADVANCED_BREP_SHAPE_REPRESENTATION('',(#20,#21,#22,#23),#2273);
#13=FACE_BOUND('',#168,.T.);
#14=FACE_BOUND('',#169,.T.);
#15=FACE_BOUND('',#200,.T.);
#16=STYLED_ITEM('',(#2290),#20);
#17=STYLED_ITEM('',(#2290),#21);
#18=STYLED_ITEM('',(#2290),#22);
#19=STYLED_ITEM('',(#2290),#23);
#20=MANIFOLD_SOLID_BREP('Body1',#1391);
#21=MANIFOLD_SOLID_BREP('Body2',#1392);
#22=MANIFOLD_SOLID_BREP('Body3',#1393);
#23=MANIFOLD_SOLID_BREP('Body4',#1394);
#24=CYLINDRICAL_SURFACE('',#1419,2.);
#25=CYLINDRICAL_SURFACE('',#1422,2.);
#26=CYLINDRICAL_SURFACE('',#1425,4.);
#27=CYLINDRICAL_SURFACE('',#1428,4.);
#28=CYLINDRICAL_SURFACE('',#1431,4.);
#29=CYLINDRICAL_SURFACE('',#1434,4.);
#30=CYLINDRICAL_SURFACE('',#1455,4.);
#31=CYLINDRICAL_SURFACE('',#1458,4.);
#32=CYLINDRICAL_SURFACE('',#1482,2.);
#33=CYLINDRICAL_SURFACE('',#1485,4.);
#34=CYLINDRICAL_SURFACE('',#1491,2.);
#35=CYLINDRICAL_SURFACE('',#1497,4.);
#36=CIRCLE('',#1413,4.);
#37=CIRCLE('',#1414,2.);
#38=CIRCLE('',#1415,2.);
#39=CIRCLE('',#1416,4.);
#40=CIRCLE('',#1417,4.);
#41=CIRCLE('',#1418,4.);
#42=CIRCLE('',#1420,2.);
#43=CIRCLE('',#1423,2.);
#44=CIRCLE('',#1426,4.);
#45=CIRCLE('',#1429,4.);
#46=CIRCLE('',#1432,4.);
#47=CIRCLE('',#1435,4.);
#48=CIRCLE('',#1453,4.);
#49=CIRCLE('',#1454,4.);
#50=CIRCLE('',#1456,4.);
#51=CIRCLE('',#1459,4.);
#52=CIRCLE('',#1480,4.);
#53=CIRCLE('',#1481,2.);
#54=CIRCLE('',#1483,2.);
#55=CIRCLE('',#1486,4.);
#56=CIRCLE('',#1492,2.);
#57=CIRCLE('',#1493,2.);
#58=CIRCLE('',#1496,4.);
#59=CIRCLE('',#1498,4.);
#60=FACE_OUTER_BOUND('',#135,.T.);
#61=FACE_OUTER_BOUND('',#136,.T.);
#62=FACE_OUTER_BOUND('',#137,.T.);
#63=FACE_OUTER_BOUND('',#138,.T.);
#64=FACE_OUTER_BOUND('',#139,.T.);
#65=FACE_OUTER_BOUND('',#140,.T.);
#66=FACE_OUTER_BOUND('',#141,.T.);
#67=FACE_OUTER_BOUND('',#142,.T.);
#68=FACE_OUTER_BOUND('',#143,.T.);
#69=FACE_OUTER_BOUND('',#144,.T.);
#70=FACE_OUTER_BOUND('',#145,.T.);
#71=FACE_OUTER_BOUND('',#146,.T.);
#72=FACE_OUTER_BOUND('',#147,.T.);
#73=FACE_OUTER_BOUND('',#148,.T.);
#74=FACE_OUTER_BOUND('',#149,.T.);
#75=FACE_OUTER_BOUND('',#150,.T.);
#76=FACE_OUTER_BOUND('',#151,.T.);
#77=FACE_OUTER_BOUND('',#152,.T.);
#78=FACE_OUTER_BOUND('',#153,.T.);
#79=FACE_OUTER_BOUND('',#154,.T.);
#80=FACE_OUTER_BOUND('',#155,.T.);
#81=FACE_OUTER_BOUND('',#156,.T.);
#82=FACE_OUTER_BOUND('',#157,.T.);
#83=FACE_OUTER_BOUND('',#158,.T.);
#84=FACE_OUTER_BOUND('',#159,.T.);
#85=FACE_OUTER_BOUND('',#160,.T.);
#86=FACE_OUTER_BOUND('',#161,.T.);
#87=FACE_OUTER_BOUND('',#162,.T.);
#88=FACE_OUTER_BOUND('',#163,.T.);
#89=FACE_OUTER_BOUND('',#164,.T.);
#90=FACE_OUTER_BOUND('',#165,.T.);
#91=FACE_OUTER_BOUND('',#166,.T.);
#92=FACE_OUTER_BOUND('',#167,.T.);
#93=FACE_OUTER_BOUND('',#170,.T.);
#94=FACE_OUTER_BOUND('',#171,.T.);
#95=FACE_OUTER_BOUND('',#172,.T.);
#96=FACE_OUTER_BOUND('',#173,.T.);
#97=FACE_OUTER_BOUND('',#174,.T.);
#98=FACE_OUTER_BOUND('',#175,.T.);
#99=FACE_OUTER_BOUND('',#176,.T.);
#100=FACE_OUTER_BOUND('',#177,.T.);
#101=FACE_OUTER_BOUND('',#178,.T.);
#102=FACE_OUTER_BOUND('',#179,.T.);
#103=FACE_OUTER_BOUND('',#180,.T.);
#104=FACE_OUTER_BOUND('',#181,.T.);
#105=FACE_OUTER_BOUND('',#182,.T.);
#106=FACE_OUTER_BOUND('',#183,.T.);
#107=FACE_OUTER_BOUND('',#184,.T.);
#108=FACE_OUTER_BOUND('',#185,.T.);
#109=FACE_OUTER_BOUND('',#186,.T.);
#110=FACE_OUTER_BOUND('',#187,.T.);
#111=FACE_OUTER_BOUND('',#188,.T.);
#112=FACE_OUTER_BOUND('',#189,.T.);
#113=FACE_OUTER_BOUND('',#190,.T.);
#114=FACE_OUTER_BOUND('',#191,.T.);
#115=FACE_OUTER_BOUND('',#192,.T.);
#116=FACE_OUTER_BOUND('',#193,.T.);
#117=FACE_OUTER_BOUND('',#194,.T.);
#118=FACE_OUTER_BOUND('',#195,.T.);
#119=FACE_OUTER_BOUND('',#196,.T.);
#120=FACE_OUTER_BOUND('',#197,.T.);
#121=FACE_OUTER_BOUND('',#198,.T.);
#122=FACE_OUTER_BOUND('',#199,.T.);
#123=FACE_OUTER_BOUND('',#201,.T.);
#124=FACE_OUTER_BOUND('',#202,.T.);
#125=FACE_OUTER_BOUND('',#203,.T.);
#126=FACE_OUTER_BOUND('',#204,.T.);
#127=FACE_OUTER_BOUND('',#205,.T.);
#128=FACE_OUTER_BOUND('',#206,.T.);
#129=FACE_OUTER_BOUND('',#207,.T.);
#130=FACE_OUTER_BOUND('',#208,.T.);
#131=FACE_OUTER_BOUND('',#209,.T.);
#132=FACE_OUTER_BOUND('',#210,.T.);
#133=FACE_OUTER_BOUND('',#211,.T.);
#134=FACE_OUTER_BOUND('',#212,.T.);
#135=EDGE_LOOP('',(#869,#870,#871,#872));
#136=EDGE_LOOP('',(#873,#874,#875,#876));
#137=EDGE_LOOP('',(#877,#878,#879,#880));
#138=EDGE_LOOP('',(#881,#882,#883,#884));
#139=EDGE_LOOP('',(#885,#886,#887,#888,#889,#890,#891,#892,#893,#894,#895,
#896,#897,#898,#899,#900,#901,#902));
#140=EDGE_LOOP('',(#903,#904,#905,#906));
#141=EDGE_LOOP('',(#907,#908,#909,#910));
#142=EDGE_LOOP('',(#911,#912,#913,#914));
#143=EDGE_LOOP('',(#915,#916,#917,#918));
#144=EDGE_LOOP('',(#919,#920,#921,#922));
#145=EDGE_LOOP('',(#923,#924,#925,#926));
#146=EDGE_LOOP('',(#927,#928,#929,#930));
#147=EDGE_LOOP('',(#931,#932,#933,#934));
#148=EDGE_LOOP('',(#935,#936,#937,#938));
#149=EDGE_LOOP('',(#939,#940,#941,#942));
#150=EDGE_LOOP('',(#943,#944,#945,#946));
#151=EDGE_LOOP('',(#947,#948,#949,#950));
#152=EDGE_LOOP('',(#951,#952,#953,#954));
#153=EDGE_LOOP('',(#955,#956,#957,#958));
#154=EDGE_LOOP('',(#959,#960,#961,#962,#963,#964,#965,#966,#967,#968,#969,
#970,#971,#972,#973,#974,#975,#976));
#155=EDGE_LOOP('',(#977,#978,#979,#980));
#156=EDGE_LOOP('',(#981,#982,#983,#984));
#157=EDGE_LOOP('',(#985,#986,#987,#988));
#158=EDGE_LOOP('',(#989,#990,#991,#992));
#159=EDGE_LOOP('',(#993,#994,#995,#996));
#160=EDGE_LOOP('',(#997,#998,#999,#1000));
#161=EDGE_LOOP('',(#1001,#1002,#1003,#1004));
#162=EDGE_LOOP('',(#1005,#1006,#1007,#1008));
#163=EDGE_LOOP('',(#1009,#1010,#1011,#1012));
#164=EDGE_LOOP('',(#1013,#1014,#1015,#1016));
#165=EDGE_LOOP('',(#1017,#1018,#1019,#1020));
#166=EDGE_LOOP('',(#1021,#1022,#1023,#1024));
#167=EDGE_LOOP('',(#1025,#1026,#1027,#1028,#1029,#1030,#1031,#1032,#1033,
#1034,#1035,#1036,#1037,#1038,#1039,#1040));
#168=EDGE_LOOP('',(#1041,#1042,#1043,#1044));
#169=EDGE_LOOP('',(#1045,#1046,#1047,#1048));
#170=EDGE_LOOP('',(#1049,#1050,#1051,#1052));
#171=EDGE_LOOP('',(#1053,#1054,#1055,#1056));
#172=EDGE_LOOP('',(#1057,#1058,#1059,#1060));
#173=EDGE_LOOP('',(#1061,#1062,#1063,#1064));
#174=EDGE_LOOP('',(#1065,#1066,#1067,#1068));
#175=EDGE_LOOP('',(#1069,#1070,#1071,#1072));
#176=EDGE_LOOP('',(#1073,#1074,#1075,#1076));
#177=EDGE_LOOP('',(#1077,#1078,#1079,#1080));
#178=EDGE_LOOP('',(#1081,#1082,#1083,#1084));
#179=EDGE_LOOP('',(#1085,#1086,#1087,#1088));
#180=EDGE_LOOP('',(#1089,#1090,#1091,#1092));
#181=EDGE_LOOP('',(#1093,#1094,#1095,#1096));
#182=EDGE_LOOP('',(#1097,#1098,#1099,#1100));
#183=EDGE_LOOP('',(#1101,#1102,#1103,#1104));
#184=EDGE_LOOP('',(#1105,#1106,#1107,#1108,#1109,#1110,#1111,#1112,#1113,
#1114,#1115,#1116,#1117,#1118,#1119,#1120));
#185=EDGE_LOOP('',(#1121,#1122,#1123,#1124));
#186=EDGE_LOOP('',(#1125,#1126,#1127,#1128));
#187=EDGE_LOOP('',(#1129,#1130,#1131,#1132));
#188=EDGE_LOOP('',(#1133,#1134,#1135,#1136));
#189=EDGE_LOOP('',(#1137,#1138,#1139,#1140));
#190=EDGE_LOOP('',(#1141,#1142,#1143,#1144));
#191=EDGE_LOOP('',(#1145,#1146,#1147,#1148));
#192=EDGE_LOOP('',(#1149,#1150,#1151,#1152,#1153,#1154,#1155,#1156));
#193=EDGE_LOOP('',(#1157,#1158,#1159,#1160));
#194=EDGE_LOOP('',(#1161,#1162,#1163,#1164));
#195=EDGE_LOOP('',(#1165,#1166,#1167,#1168));
#196=EDGE_LOOP('',(#1169,#1170,#1171,#1172));
#197=EDGE_LOOP('',(#1173,#1174,#1175,#1176));
#198=EDGE_LOOP('',(#1177,#1178,#1179,#1180));
#199=EDGE_LOOP('',(#1181,#1182,#1183,#1184,#1185,#1186,#1187,#1188));
#200=EDGE_LOOP('',(#1189,#1190,#1191,#1192));
#201=EDGE_LOOP('',(#1193,#1194,#1195,#1196));
#202=EDGE_LOOP('',(#1197,#1198,#1199,#1200));
#203=EDGE_LOOP('',(#1201,#1202,#1203,#1204,#1205,#1206,#1207,#1208,#1209,
#1210));
#204=EDGE_LOOP('',(#1211,#1212,#1213,#1214));
#205=EDGE_LOOP('',(#1215,#1216,#1217,#1218));
#206=EDGE_LOOP('',(#1219,#1220,#1221,#1222));
#207=EDGE_LOOP('',(#1223,#1224,#1225,#1226));
#208=EDGE_LOOP('',(#1227,#1228,#1229,#1230));
#209=EDGE_LOOP('',(#1231,#1232,#1233,#1234));
#210=EDGE_LOOP('',(#1235,#1236,#1237,#1238));
#211=EDGE_LOOP('',(#1239,#1240,#1241,#1242));
#212=EDGE_LOOP('',(#1243,#1244,#1245,#1246,#1247,#1248,#1249,#1250,#1251,
#1252));
#213=LINE('',#1879,#381);
#214=LINE('',#1881,#382);
#215=LINE('',#1883,#383);
#216=LINE('',#1884,#384);
#217=LINE('',#1887,#385);
#218=LINE('',#1889,#386);
#219=LINE('',#1890,#387);
#220=LINE('',#1894,#388);
#221=LINE('',#1896,#389);
#222=LINE('',#1898,#390);
#223=LINE('',#1899,#391);
#224=LINE('',#1902,#392);
#225=LINE('',#1904,#393);
#226=LINE('',#1905,#394);
#227=LINE('',#1910,#395);
#228=LINE('',#1914,#396);
#229=LINE('',#1916,#397);
#230=LINE('',#1918,#398);
#231=LINE('',#1922,#399);
#232=LINE('',#1926,#400);
#233=LINE('',#1930,#401);
#234=LINE('',#1932,#402);
#235=LINE('',#1937,#403);
#236=LINE('',#1938,#404);
#237=LINE('',#1941,#405);
#238=LINE('',#1942,#406);
#239=LINE('',#1947,#407);
#240=LINE('',#1948,#408);
#241=LINE('',#1951,#409);
#242=LINE('',#1952,#410);
#243=LINE('',#1957,#411);
#244=LINE('',#1958,#412);
#245=LINE('',#1961,#413);
#246=LINE('',#1962,#414);
#247=LINE('',#1966,#415);
#248=LINE('',#1968,#416);
#249=LINE('',#1972,#417);
#250=LINE('',#1974,#418);
#251=LINE('',#1979,#419);
#252=LINE('',#1980,#420);
#253=LINE('',#1982,#421);
#254=LINE('',#1984,#422);
#255=LINE('',#1989,#423);
#256=LINE('',#1991,#424);
#257=LINE('',#1993,#425);
#258=LINE('',#1994,#426);
#259=LINE('',#1997,#427);
#260=LINE('',#1999,#428);
#261=LINE('',#2000,#429);
#262=LINE('',#2004,#430);
#263=LINE('',#2006,#431);
#264=LINE('',#2008,#432);
#265=LINE('',#2009,#433);
#266=LINE('',#2012,#434);
#267=LINE('',#2014,#435);
#268=LINE('',#2015,#436);
#269=LINE('',#2018,#437);
#270=LINE('',#2020,#438);
#271=LINE('',#2021,#439);
#272=LINE('',#2023,#440);
#273=LINE('',#2024,#441);
#274=LINE('',#2029,#442);
#275=LINE('',#2031,#443);
#276=LINE('',#2033,#444);
#277=LINE('',#2034,#445);
#278=LINE('',#2037,#446);
#279=LINE('',#2039,#447);
#280=LINE('',#2040,#448);
#281=LINE('',#2043,#449);
#282=LINE('',#2045,#450);
#283=LINE('',#2046,#451);
#284=LINE('',#2048,#452);
#285=LINE('',#2049,#453);
#286=LINE('',#2055,#454);
#287=LINE('',#2059,#455);
#288=LINE('',#2061,#456);
#289=LINE('',#2063,#457);
#290=LINE('',#2065,#458);
#291=LINE('',#2067,#459);
#292=LINE('',#2069,#460);
#293=LINE('',#2071,#461);
#294=LINE('',#2073,#462);
#295=LINE('',#2075,#463);
#296=LINE('',#2077,#464);
#297=LINE('',#2078,#465);
#298=LINE('',#2081,#466);
#299=LINE('',#2084,#467);
#300=LINE('',#2087,#468);
#301=LINE('',#2088,#469);
#302=LINE('',#2093,#470);
#303=LINE('',#2094,#471);
#304=LINE('',#2097,#472);
#305=LINE('',#2098,#473);
#306=LINE('',#2101,#474);
#307=LINE('',#2102,#475);
#308=LINE('',#2105,#476);
#309=LINE('',#2106,#477);
#310=LINE('',#2109,#478);
#311=LINE('',#2110,#479);
#312=LINE('',#2113,#480);
#313=LINE('',#2114,#481);
#314=LINE('',#2117,#482);
#315=LINE('',#2118,#483);
#316=LINE('',#2121,#484);
#317=LINE('',#2122,#485);
#318=LINE('',#2125,#486);
#319=LINE('',#2126,#487);
#320=LINE('',#2129,#488);
#321=LINE('',#2130,#489);
#322=LINE('',#2132,#490);
#323=LINE('',#2137,#491);
#324=LINE('',#2139,#492);
#325=LINE('',#2141,#493);
#326=LINE('',#2142,#494);
#327=LINE('',#2145,#495);
#328=LINE('',#2147,#496);
#329=LINE('',#2148,#497);
#330=LINE('',#2152,#498);
#331=LINE('',#2154,#499);
#332=LINE('',#2156,#500);
#333=LINE('',#2157,#501);
#334=LINE('',#2160,#502);
#335=LINE('',#2162,#503);
#336=LINE('',#2163,#504);
#337=LINE('',#2166,#505);
#338=LINE('',#2168,#506);
#339=LINE('',#2169,#507);
#340=LINE('',#2171,#508);
#341=LINE('',#2172,#509);
#342=LINE('',#2178,#510);
#343=LINE('',#2182,#511);
#344=LINE('',#2184,#512);
#345=LINE('',#2185,#513);
#346=LINE('',#2190,#514);
#347=LINE('',#2191,#515);
#348=LINE('',#2194,#516);
#349=LINE('',#2195,#517);
#350=LINE('',#2200,#518);
#351=LINE('',#2201,#519);
#352=LINE('',#2204,#520);
#353=LINE('',#2205,#521);
#354=LINE('',#2207,#522);
#355=LINE('',#2214,#523);
#356=LINE('',#2217,#524);
#357=LINE('',#2220,#525);
#358=LINE('',#2222,#526);
#359=LINE('',#2223,#527);
#360=LINE('',#2226,#528);
#361=LINE('',#2230,#529);
#362=LINE('',#2232,#530);
#363=LINE('',#2234,#531);
#364=LINE('',#2236,#532);
#365=LINE('',#2238,#533);
#366=LINE('',#2239,#534);
#367=LINE('',#2244,#535);
#368=LINE('',#2245,#536);
#369=LINE('',#2248,#537);
#370=LINE('',#2249,#538);
#371=LINE('',#2252,#539);
#372=LINE('',#2254,#540);
#373=LINE('',#2255,#541);
#374=LINE('',#2258,#542);
#375=LINE('',#2259,#543);
#376=LINE('',#2261,#544);
#377=LINE('',#2263,#545);
#378=LINE('',#2266,#546);
#379=LINE('',#2267,#547);
#380=LINE('',#2269,#548);
#381=VECTOR('',#1511,10.);
#382=VECTOR('',#1512,10.);
#383=VECTOR('',#1513,10.);
#384=VECTOR('',#1514,10.);
#385=VECTOR('',#1517,10.);
#386=VECTOR('',#1518,10.);
#387=VECTOR('',#1519,10.);
#388=VECTOR('',#1522,10.);
#389=VECTOR('',#1523,10.);
#390=VECTOR('',#1524,10.);
#391=VECTOR('',#1525,10.);
#392=VECTOR('',#1528,10.);
#393=VECTOR('',#1529,10.);
#394=VECTOR('',#1530,10.);
#395=VECTOR('',#1535,10.);
#396=VECTOR('',#1538,10.);
#397=VECTOR('',#1539,10.);
#398=VECTOR('',#1540,10.);
#399=VECTOR('',#1543,10.);
#400=VECTOR('',#1546,10.);
#401=VECTOR('',#1549,10.);
#402=VECTOR('',#1552,10.);
#403=VECTOR('',#1557,10.);
#404=VECTOR('',#1558,10.);
#405=VECTOR('',#1561,10.);
#406=VECTOR('',#1562,10.);
#407=VECTOR('',#1567,10.);
#408=VECTOR('',#1568,10.);
#409=VECTOR('',#1571,10.);
#410=VECTOR('',#1572,10.);
#411=VECTOR('',#1577,10.);
#412=VECTOR('',#1578,10.);
#413=VECTOR('',#1581,10.);
#414=VECTOR('',#1582,10.);
#415=VECTOR('',#1587,10.);
#416=VECTOR('',#1590,10.);
#417=VECTOR('',#1595,10.);
#418=VECTOR('',#1598,10.);
#419=VECTOR('',#1605,10.);
#420=VECTOR('',#1606,10.);
#421=VECTOR('',#1609,10.);
#422=VECTOR('',#1612,10.);
#423=VECTOR('',#1617,10.);
#424=VECTOR('',#1618,10.);
#425=VECTOR('',#1619,10.);
#426=VECTOR('',#1620,10.);
#427=VECTOR('',#1623,10.);
#428=VECTOR('',#1624,10.);
#429=VECTOR('',#1625,10.);
#430=VECTOR('',#1628,10.);
#431=VECTOR('',#1629,10.);
#432=VECTOR('',#1630,10.);
#433=VECTOR('',#1631,10.);
#434=VECTOR('',#1634,10.);
#435=VECTOR('',#1635,10.);
#436=VECTOR('',#1636,10.);
#437=VECTOR('',#1639,10.);
#438=VECTOR('',#1640,10.);
#439=VECTOR('',#1641,10.);
#440=VECTOR('',#1644,10.);
#441=VECTOR('',#1645,10.);
#442=VECTOR('',#1650,10.);
#443=VECTOR('',#1651,10.);
#444=VECTOR('',#1652,10.);
#445=VECTOR('',#1653,10.);
#446=VECTOR('',#1656,10.);
#447=VECTOR('',#1657,10.);
#448=VECTOR('',#1658,10.);
#449=VECTOR('',#1661,10.);
#450=VECTOR('',#1662,10.);
#451=VECTOR('',#1663,10.);
#452=VECTOR('',#1666,10.);
#453=VECTOR('',#1667,10.);
#454=VECTOR('',#1674,10.);
#455=VECTOR('',#1677,10.);
#456=VECTOR('',#1678,10.);
#457=VECTOR('',#1679,10.);
#458=VECTOR('',#1680,10.);
#459=VECTOR('',#1681,10.);
#460=VECTOR('',#1682,10.);
#461=VECTOR('',#1683,10.);
#462=VECTOR('',#1684,10.);
#463=VECTOR('',#1685,10.);
#464=VECTOR('',#1686,10.);
#465=VECTOR('',#1687,10.);
#466=VECTOR('',#1690,10.);
#467=VECTOR('',#1693,10.);
#468=VECTOR('',#1696,10.);
#469=VECTOR('',#1697,10.);
#470=VECTOR('',#1704,10.);
#471=VECTOR('',#1705,10.);
#472=VECTOR('',#1708,10.);
#473=VECTOR('',#1709,10.);
#474=VECTOR('',#1712,10.);
#475=VECTOR('',#1713,10.);
#476=VECTOR('',#1716,10.);
#477=VECTOR('',#1717,10.);
#478=VECTOR('',#1720,10.);
#479=VECTOR('',#1721,10.);
#480=VECTOR('',#1724,10.);
#481=VECTOR('',#1725,10.);
#482=VECTOR('',#1728,10.);
#483=VECTOR('',#1729,10.);
#484=VECTOR('',#1732,10.);
#485=VECTOR('',#1733,10.);
#486=VECTOR('',#1736,10.);
#487=VECTOR('',#1737,10.);
#488=VECTOR('',#1740,10.);
#489=VECTOR('',#1741,10.);
#490=VECTOR('',#1744,10.);
#491=VECTOR('',#1749,10.);
#492=VECTOR('',#1750,10.);
#493=VECTOR('',#1751,10.);
#494=VECTOR('',#1752,10.);
#495=VECTOR('',#1755,10.);
#496=VECTOR('',#1756,10.);
#497=VECTOR('',#1757,10.);
#498=VECTOR('',#1760,10.);
#499=VECTOR('',#1761,10.);
#500=VECTOR('',#1762,10.);
#501=VECTOR('',#1763,10.);
#502=VECTOR('',#1766,10.);
#503=VECTOR('',#1767,10.);
#504=VECTOR('',#1768,10.);
#505=VECTOR('',#1771,10.);
#506=VECTOR('',#1772,10.);
#507=VECTOR('',#1773,10.);
#508=VECTOR('',#1776,10.);
#509=VECTOR('',#1777,10.);
#510=VECTOR('',#1784,10.);
#511=VECTOR('',#1787,10.);
#512=VECTOR('',#1788,10.);
#513=VECTOR('',#1789,10.);
#514=VECTOR('',#1794,10.);
#515=VECTOR('',#1795,10.);
#516=VECTOR('',#1798,10.);
#517=VECTOR('',#1799,10.);
#518=VECTOR('',#1806,10.);
#519=VECTOR('',#1807,10.);
#520=VECTOR('',#1810,10.);
#521=VECTOR('',#1811,10.);
#522=VECTOR('',#1814,10.);
#523=VECTOR('',#1821,10.);
#524=VECTOR('',#1824,10.);
#525=VECTOR('',#1827,10.);
#526=VECTOR('',#1828,10.);
#527=VECTOR('',#1829,10.);
#528=VECTOR('',#1832,10.);
#529=VECTOR('',#1835,10.);
#530=VECTOR('',#1836,10.);
#531=VECTOR('',#1837,10.);
#532=VECTOR('',#1838,10.);
#533=VECTOR('',#1839,10.);
#534=VECTOR('',#1840,10.);
#535=VECTOR('',#1845,10.);
#536=VECTOR('',#1846,10.);
#537=VECTOR('',#1849,10.);
#538=VECTOR('',#1850,10.);
#539=VECTOR('',#1853,10.);
#540=VECTOR('',#1854,10.);
#541=VECTOR('',#1855,10.);
#542=VECTOR('',#1858,10.);
#543=VECTOR('',#1859,10.);
#544=VECTOR('',#1862,10.);
#545=VECTOR('',#1865,10.);
#546=VECTOR('',#1868,10.);
#547=VECTOR('',#1869,10.);
#548=VECTOR('',#1872,10.);
#549=VERTEX_POINT('',#1877);
#550=VERTEX_POINT('',#1878);
#551=VERTEX_POINT('',#1880);
#552=VERTEX_POINT('',#1882);
#553=VERTEX_POINT('',#1886);
#554=VERTEX_POINT('',#1888);
#555=VERTEX_POINT('',#1892);
#556=VERTEX_POINT('',#1893);
#557=VERTEX_POINT('',#1895);
#558=VERTEX_POINT('',#1897);
#559=VERTEX_POINT('',#1901);
#560=VERTEX_POINT('',#1903);
#561=VERTEX_POINT('',#1907);
#562=VERTEX_POINT('',#1909);
#563=VERTEX_POINT('',#1911);
#564=VERTEX_POINT('',#1913);
#565=VERTEX_POINT('',#1915);
#566=VERTEX_POINT('',#1917);
#567=VERTEX_POINT('',#1919);
#568=VERTEX_POINT('',#1921);
#569=VERTEX_POINT('',#1923);
#570=VERTEX_POINT('',#1925);
#571=VERTEX_POINT('',#1927);
#572=VERTEX_POINT('',#1929);
#573=VERTEX_POINT('',#1934);
#574=VERTEX_POINT('',#1935);
#575=VERTEX_POINT('',#1940);
#576=VERTEX_POINT('',#1944);
#577=VERTEX_POINT('',#1945);
#578=VERTEX_POINT('',#1950);
#579=VERTEX_POINT('',#1954);
#580=VERTEX_POINT('',#1955);
#581=VERTEX_POINT('',#1960);
#582=VERTEX_POINT('',#1964);
#583=VERTEX_POINT('',#1970);
#584=VERTEX_POINT('',#1978);
#585=VERTEX_POINT('',#1987);
#586=VERTEX_POINT('',#1988);
#587=VERTEX_POINT('',#1990);
#588=VERTEX_POINT('',#1992);
#589=VERTEX_POINT('',#1996);
#590=VERTEX_POINT('',#1998);
#591=VERTEX_POINT('',#2002);
#592=VERTEX_POINT('',#2003);
#593=VERTEX_POINT('',#2005);
#594=VERTEX_POINT('',#2007);
#595=VERTEX_POINT('',#2011);
#596=VERTEX_POINT('',#2013);
#597=VERTEX_POINT('',#2017);
#598=VERTEX_POINT('',#2019);
#599=VERTEX_POINT('',#2027);
#600=VERTEX_POINT('',#2028);
#601=VERTEX_POINT('',#2030);
#602=VERTEX_POINT('',#2032);
#603=VERTEX_POINT('',#2036);
#604=VERTEX_POINT('',#2038);
#605=VERTEX_POINT('',#2042);
#606=VERTEX_POINT('',#2044);
#607=VERTEX_POINT('',#2052);
#608=VERTEX_POINT('',#2054);
#609=VERTEX_POINT('',#2056);
#610=VERTEX_POINT('',#2058);
#611=VERTEX_POINT('',#2060);
#612=VERTEX_POINT('',#2062);
#613=VERTEX_POINT('',#2064);
#614=VERTEX_POINT('',#2066);
#615=VERTEX_POINT('',#2068);
#616=VERTEX_POINT('',#2070);
#617=VERTEX_POINT('',#2072);
#618=VERTEX_POINT('',#2074);
#619=VERTEX_POINT('',#2076);
#620=VERTEX_POINT('',#2080);
#621=VERTEX_POINT('',#2082);
#622=VERTEX_POINT('',#2086);
#623=VERTEX_POINT('',#2092);
#624=VERTEX_POINT('',#2096);
#625=VERTEX_POINT('',#2100);
#626=VERTEX_POINT('',#2104);
#627=VERTEX_POINT('',#2108);
#628=VERTEX_POINT('',#2112);
#629=VERTEX_POINT('',#2116);
#630=VERTEX_POINT('',#2120);
#631=VERTEX_POINT('',#2124);
#632=VERTEX_POINT('',#2128);
#633=VERTEX_POINT('',#2135);
#634=VERTEX_POINT('',#2136);
#635=VERTEX_POINT('',#2138);
#636=VERTEX_POINT('',#2140);
#637=VERTEX_POINT('',#2144);
#638=VERTEX_POINT('',#2146);
#639=VERTEX_POINT('',#2150);
#640=VERTEX_POINT('',#2151);
#641=VERTEX_POINT('',#2153);
#642=VERTEX_POINT('',#2155);
#643=VERTEX_POINT('',#2159);
#644=VERTEX_POINT('',#2161);
#645=VERTEX_POINT('',#2165);
#646=VERTEX_POINT('',#2167);
#647=VERTEX_POINT('',#2175);
#648=VERTEX_POINT('',#2177);
#649=VERTEX_POINT('',#2179);
#650=VERTEX_POINT('',#2181);
#651=VERTEX_POINT('',#2183);
#652=VERTEX_POINT('',#2187);
#653=VERTEX_POINT('',#2188);
#654=VERTEX_POINT('',#2193);
#655=VERTEX_POINT('',#2199);
#656=VERTEX_POINT('',#2203);
#657=VERTEX_POINT('',#2210);
#658=VERTEX_POINT('',#2211);
#659=VERTEX_POINT('',#2213);
#660=VERTEX_POINT('',#2215);
#661=VERTEX_POINT('',#2219);
#662=VERTEX_POINT('',#2221);
#663=VERTEX_POINT('',#2225);
#664=VERTEX_POINT('',#2227);
#665=VERTEX_POINT('',#2229);
#666=VERTEX_POINT('',#2231);
#667=VERTEX_POINT('',#2233);
#668=VERTEX_POINT('',#2235);
#669=VERTEX_POINT('',#2237);
#670=VERTEX_POINT('',#2241);
#671=VERTEX_POINT('',#2242);
#672=VERTEX_POINT('',#2247);
#673=VERTEX_POINT('',#2251);
#674=VERTEX_POINT('',#2253);
#675=VERTEX_POINT('',#2257);
#676=VERTEX_POINT('',#2265);
#677=EDGE_CURVE('',#549,#550,#213,.T.);
#678=EDGE_CURVE('',#550,#551,#214,.T.);
#679=EDGE_CURVE('',#552,#551,#215,.T.);
#680=EDGE_CURVE('',#549,#552,#216,.T.);
#681=EDGE_CURVE('',#553,#552,#217,.T.);
#682=EDGE_CURVE('',#554,#553,#218,.T.);
#683=EDGE_CURVE('',#554,#549,#219,.T.);
#684=EDGE_CURVE('',#555,#556,#220,.T.);
#685=EDGE_CURVE('',#557,#555,#221,.T.);
#686=EDGE_CURVE('',#558,#557,#222,.T.);
#687=EDGE_CURVE('',#556,#558,#223,.T.);
#688=EDGE_CURVE('',#559,#558,#224,.T.);
#689=EDGE_CURVE('',#560,#559,#225,.T.);
#690=EDGE_CURVE('',#556,#560,#226,.T.);
#691=EDGE_CURVE('',#561,#554,#36,.T.);
#692=EDGE_CURVE('',#562,#561,#227,.T.);
#693=EDGE_CURVE('',#563,#562,#37,.T.);
#694=EDGE_CURVE('',#564,#563,#228,.T.);
#695=EDGE_CURVE('',#564,#565,#229,.T.);
#696=EDGE_CURVE('',#565,#566,#230,.T.);
#697=EDGE_CURVE('',#567,#566,#38,.T.);
#698=EDGE_CURVE('',#567,#568,#231,.T.);
#699=EDGE_CURVE('',#569,#568,#39,.T.);
#700=EDGE_CURVE('',#570,#569,#232,.T.);
#701=EDGE_CURVE('',#571,#570,#40,.T.);
#702=EDGE_CURVE('',#572,#571,#233,.T.);
#703=EDGE_CURVE('',#555,#572,#41,.T.);
#704=EDGE_CURVE('',#560,#550,#234,.T.);
#705=EDGE_CURVE('',#573,#574,#42,.T.);
#706=EDGE_CURVE('',#574,#567,#235,.T.);
#707=EDGE_CURVE('',#566,#573,#236,.T.);
#708=EDGE_CURVE('',#565,#575,#237,.T.);
#709=EDGE_CURVE('',#573,#575,#238,.T.);
#710=EDGE_CURVE('',#576,#577,#43,.T.);
#711=EDGE_CURVE('',#577,#563,#239,.T.);
#712=EDGE_CURVE('',#562,#576,#240,.T.);
#713=EDGE_CURVE('',#578,#561,#241,.T.);
#714=EDGE_CURVE('',#576,#578,#242,.T.);
#715=EDGE_CURVE('',#579,#580,#44,.T.);
#716=EDGE_CURVE('',#580,#571,#243,.T.);
#717=EDGE_CURVE('',#570,#579,#244,.T.);
#718=EDGE_CURVE('',#581,#569,#245,.T.);
#719=EDGE_CURVE('',#579,#581,#246,.T.);
#720=EDGE_CURVE('',#582,#581,#45,.T.);
#721=EDGE_CURVE('',#568,#582,#247,.T.);
#722=EDGE_CURVE('',#582,#574,#248,.T.);
#723=EDGE_CURVE('',#583,#557,#46,.T.);
#724=EDGE_CURVE('',#572,#583,#249,.T.);
#725=EDGE_CURVE('',#583,#580,#250,.T.);
#726=EDGE_CURVE('',#553,#578,#47,.T.);
#727=EDGE_CURVE('',#584,#577,#251,.T.);
#728=EDGE_CURVE('',#564,#584,#252,.T.);
#729=EDGE_CURVE('',#575,#584,#253,.T.);
#730=EDGE_CURVE('',#551,#559,#254,.T.);
#731=EDGE_CURVE('',#585,#586,#255,.T.);
#732=EDGE_CURVE('',#587,#585,#256,.T.);
#733=EDGE_CURVE('',#588,#587,#257,.T.);
#734=EDGE_CURVE('',#586,#588,#258,.T.);
#735=EDGE_CURVE('',#589,#588,#259,.T.);
#736=EDGE_CURVE('',#590,#589,#260,.T.);
#737=EDGE_CURVE('',#586,#590,#261,.T.);
#738=EDGE_CURVE('',#591,#592,#262,.T.);
#739=EDGE_CURVE('',#591,#593,#263,.T.);
#740=EDGE_CURVE('',#593,#594,#264,.T.);
#741=EDGE_CURVE('',#592,#594,#265,.T.);
#742=EDGE_CURVE('',#595,#591,#266,.T.);
#743=EDGE_CURVE('',#595,#596,#267,.T.);
#744=EDGE_CURVE('',#596,#593,#268,.T.);
#745=EDGE_CURVE('',#597,#595,#269,.T.);
#746=EDGE_CURVE('',#597,#598,#270,.T.);
#747=EDGE_CURVE('',#598,#596,#271,.T.);
#748=EDGE_CURVE('',#592,#597,#272,.T.);
#749=EDGE_CURVE('',#594,#598,#273,.T.);
#750=EDGE_CURVE('',#599,#600,#274,.T.);
#751=EDGE_CURVE('',#599,#601,#275,.T.);
#752=EDGE_CURVE('',#601,#602,#276,.T.);
#753=EDGE_CURVE('',#600,#602,#277,.T.);
#754=EDGE_CURVE('',#603,#599,#278,.T.);
#755=EDGE_CURVE('',#603,#604,#279,.T.);
#756=EDGE_CURVE('',#604,#601,#280,.T.);
#757=EDGE_CURVE('',#605,#603,#281,.T.);
#758=EDGE_CURVE('',#605,#606,#282,.T.);
#759=EDGE_CURVE('',#606,#604,#283,.T.);
#760=EDGE_CURVE('',#600,#605,#284,.T.);
#761=EDGE_CURVE('',#602,#606,#285,.T.);
#762=EDGE_CURVE('',#607,#587,#48,.T.);
#763=EDGE_CURVE('',#607,#608,#286,.T.);
#764=EDGE_CURVE('',#609,#608,#49,.T.);
#765=EDGE_CURVE('',#609,#610,#287,.T.);
#766=EDGE_CURVE('',#610,#611,#288,.T.);
#767=EDGE_CURVE('',#611,#612,#289,.T.);
#768=EDGE_CURVE('',#612,#613,#290,.T.);
#769=EDGE_CURVE('',#613,#614,#291,.T.);
#770=EDGE_CURVE('',#614,#615,#292,.T.);
#771=EDGE_CURVE('',#615,#616,#293,.T.);
#772=EDGE_CURVE('',#616,#617,#294,.T.);
#773=EDGE_CURVE('',#617,#618,#295,.T.);
#774=EDGE_CURVE('',#618,#619,#296,.T.);
#775=EDGE_CURVE('',#619,#589,#297,.T.);
#776=EDGE_CURVE('',#608,#620,#298,.T.);
#777=EDGE_CURVE('',#620,#621,#50,.T.);
#778=EDGE_CURVE('',#621,#609,#299,.T.);
#779=EDGE_CURVE('',#622,#607,#300,.T.);
#780=EDGE_CURVE('',#622,#620,#301,.T.);
#781=EDGE_CURVE('',#585,#622,#51,.T.);
#782=EDGE_CURVE('',#590,#623,#302,.T.);
#783=EDGE_CURVE('',#623,#619,#303,.T.);
#784=EDGE_CURVE('',#624,#623,#304,.T.);
#785=EDGE_CURVE('',#624,#618,#305,.T.);
#786=EDGE_CURVE('',#625,#624,#306,.T.);
#787=EDGE_CURVE('',#625,#617,#307,.T.);
#788=EDGE_CURVE('',#626,#625,#308,.T.);
#789=EDGE_CURVE('',#626,#616,#309,.T.);
#790=EDGE_CURVE('',#627,#626,#310,.T.);
#791=EDGE_CURVE('',#627,#615,#311,.T.);
#792=EDGE_CURVE('',#628,#627,#312,.T.);
#793=EDGE_CURVE('',#628,#614,#313,.T.);
#794=EDGE_CURVE('',#629,#628,#314,.T.);
#795=EDGE_CURVE('',#629,#613,#315,.T.);
#796=EDGE_CURVE('',#629,#630,#316,.T.);
#797=EDGE_CURVE('',#630,#612,#317,.T.);
#798=EDGE_CURVE('',#630,#631,#318,.T.);
#799=EDGE_CURVE('',#631,#611,#319,.T.);
#800=EDGE_CURVE('',#632,#631,#320,.T.);
#801=EDGE_CURVE('',#632,#610,#321,.T.);
#802=EDGE_CURVE('',#621,#632,#322,.T.);
#803=EDGE_CURVE('',#633,#634,#323,.T.);
#804=EDGE_CURVE('',#634,#635,#324,.T.);
#805=EDGE_CURVE('',#636,#635,#325,.T.);
#806=EDGE_CURVE('',#633,#636,#326,.T.);
#807=EDGE_CURVE('',#637,#636,#327,.T.);
#808=EDGE_CURVE('',#638,#637,#328,.T.);
#809=EDGE_CURVE('',#638,#633,#329,.T.);
#810=EDGE_CURVE('',#639,#640,#330,.T.);
#811=EDGE_CURVE('',#639,#641,#331,.T.);
#812=EDGE_CURVE('',#641,#642,#332,.T.);
#813=EDGE_CURVE('',#640,#642,#333,.T.);
#814=EDGE_CURVE('',#643,#639,#334,.T.);
#815=EDGE_CURVE('',#643,#644,#335,.T.);
#816=EDGE_CURVE('',#644,#641,#336,.T.);
#817=EDGE_CURVE('',#645,#643,#337,.T.);
#818=EDGE_CURVE('',#645,#646,#338,.T.);
#819=EDGE_CURVE('',#646,#644,#339,.T.);
#820=EDGE_CURVE('',#640,#645,#340,.T.);
#821=EDGE_CURVE('',#642,#646,#341,.T.);
#822=EDGE_CURVE('',#647,#638,#52,.T.);
#823=EDGE_CURVE('',#648,#647,#342,.T.);
#824=EDGE_CURVE('',#649,#648,#53,.T.);
#825=EDGE_CURVE('',#650,#649,#343,.T.);
#826=EDGE_CURVE('',#651,#650,#344,.T.);
#827=EDGE_CURVE('',#634,#651,#345,.T.);
#828=EDGE_CURVE('',#652,#653,#54,.T.);
#829=EDGE_CURVE('',#653,#649,#346,.T.);
#830=EDGE_CURVE('',#648,#652,#347,.T.);
#831=EDGE_CURVE('',#654,#647,#348,.T.);
#832=EDGE_CURVE('',#652,#654,#349,.T.);
#833=EDGE_CURVE('',#637,#654,#55,.T.);
#834=EDGE_CURVE('',#655,#653,#350,.T.);
#835=EDGE_CURVE('',#650,#655,#351,.T.);
#836=EDGE_CURVE('',#656,#655,#352,.T.);
#837=EDGE_CURVE('',#651,#656,#353,.T.);
#838=EDGE_CURVE('',#635,#656,#354,.T.);
#839=EDGE_CURVE('',#657,#658,#56,.T.);
#840=EDGE_CURVE('',#658,#659,#355,.T.);
#841=EDGE_CURVE('',#659,#660,#57,.T.);
#842=EDGE_CURVE('',#660,#657,#356,.T.);
#843=EDGE_CURVE('',#661,#660,#357,.T.);
#844=EDGE_CURVE('',#661,#662,#358,.T.);
#845=EDGE_CURVE('',#657,#662,#359,.T.);
#846=EDGE_CURVE('',#663,#659,#360,.T.);
#847=EDGE_CURVE('',#664,#663,#58,.T.);
#848=EDGE_CURVE('',#665,#664,#361,.T.);
#849=EDGE_CURVE('',#666,#665,#362,.T.);
#850=EDGE_CURVE('',#666,#667,#363,.T.);
#851=EDGE_CURVE('',#667,#668,#364,.T.);
#852=EDGE_CURVE('',#669,#668,#365,.T.);
#853=EDGE_CURVE('',#669,#661,#366,.T.);
#854=EDGE_CURVE('',#670,#671,#59,.T.);
#855=EDGE_CURVE('',#671,#664,#367,.T.);
#856=EDGE_CURVE('',#663,#670,#368,.T.);
#857=EDGE_CURVE('',#672,#671,#369,.T.);
#858=EDGE_CURVE('',#665,#672,#370,.T.);
#859=EDGE_CURVE('',#667,#673,#371,.T.);
#860=EDGE_CURVE('',#674,#673,#372,.T.);
#861=EDGE_CURVE('',#668,#674,#373,.T.);
#862=EDGE_CURVE('',#675,#674,#374,.T.);
#863=EDGE_CURVE('',#669,#675,#375,.T.);
#864=EDGE_CURVE('',#662,#675,#376,.T.);
#865=EDGE_CURVE('',#670,#658,#377,.T.);
#866=EDGE_CURVE('',#676,#672,#378,.T.);
#867=EDGE_CURVE('',#666,#676,#379,.T.);
#868=EDGE_CURVE('',#673,#676,#380,.T.);
#869=ORIENTED_EDGE('',*,*,#677,.T.);
#870=ORIENTED_EDGE('',*,*,#678,.T.);
#871=ORIENTED_EDGE('',*,*,#679,.F.);
#872=ORIENTED_EDGE('',*,*,#680,.F.);
#873=ORIENTED_EDGE('',*,*,#680,.T.);
#874=ORIENTED_EDGE('',*,*,#681,.F.);
#875=ORIENTED_EDGE('',*,*,#682,.F.);
#876=ORIENTED_EDGE('',*,*,#683,.T.);
#877=ORIENTED_EDGE('',*,*,#684,.F.);
#878=ORIENTED_EDGE('',*,*,#685,.F.);
#879=ORIENTED_EDGE('',*,*,#686,.F.);
#880=ORIENTED_EDGE('',*,*,#687,.F.);
#881=ORIENTED_EDGE('',*,*,#687,.T.);
#882=ORIENTED_EDGE('',*,*,#688,.F.);
#883=ORIENTED_EDGE('',*,*,#689,.F.);
#884=ORIENTED_EDGE('',*,*,#690,.F.);
#885=ORIENTED_EDGE('',*,*,#677,.F.);
#886=ORIENTED_EDGE('',*,*,#683,.F.);
#887=ORIENTED_EDGE('',*,*,#691,.F.);
#888=ORIENTED_EDGE('',*,*,#692,.F.);
#889=ORIENTED_EDGE('',*,*,#693,.F.);
#890=ORIENTED_EDGE('',*,*,#694,.F.);
#891=ORIENTED_EDGE('',*,*,#695,.T.);
#892=ORIENTED_EDGE('',*,*,#696,.T.);
#893=ORIENTED_EDGE('',*,*,#697,.F.);
#894=ORIENTED_EDGE('',*,*,#698,.T.);
#895=ORIENTED_EDGE('',*,*,#699,.F.);
#896=ORIENTED_EDGE('',*,*,#700,.F.);
#897=ORIENTED_EDGE('',*,*,#701,.F.);
#898=ORIENTED_EDGE('',*,*,#702,.F.);
#899=ORIENTED_EDGE('',*,*,#703,.F.);
#900=ORIENTED_EDGE('',*,*,#684,.T.);
#901=ORIENTED_EDGE('',*,*,#690,.T.);
#902=ORIENTED_EDGE('',*,*,#704,.T.);
#903=ORIENTED_EDGE('',*,*,#705,.T.);
#904=ORIENTED_EDGE('',*,*,#706,.T.);
#905=ORIENTED_EDGE('',*,*,#697,.T.);
#906=ORIENTED_EDGE('',*,*,#707,.T.);
#907=ORIENTED_EDGE('',*,*,#707,.F.);
#908=ORIENTED_EDGE('',*,*,#696,.F.);
#909=ORIENTED_EDGE('',*,*,#708,.T.);
#910=ORIENTED_EDGE('',*,*,#709,.F.);
#911=ORIENTED_EDGE('',*,*,#710,.T.);
#912=ORIENTED_EDGE('',*,*,#711,.T.);
#913=ORIENTED_EDGE('',*,*,#693,.T.);
#914=ORIENTED_EDGE('',*,*,#712,.T.);
#915=ORIENTED_EDGE('',*,*,#712,.F.);
#916=ORIENTED_EDGE('',*,*,#692,.T.);
#917=ORIENTED_EDGE('',*,*,#713,.F.);
#918=ORIENTED_EDGE('',*,*,#714,.F.);
#919=ORIENTED_EDGE('',*,*,#715,.T.);
#920=ORIENTED_EDGE('',*,*,#716,.T.);
#921=ORIENTED_EDGE('',*,*,#701,.T.);
#922=ORIENTED_EDGE('',*,*,#717,.T.);
#923=ORIENTED_EDGE('',*,*,#717,.F.);
#924=ORIENTED_EDGE('',*,*,#700,.T.);
#925=ORIENTED_EDGE('',*,*,#718,.F.);
#926=ORIENTED_EDGE('',*,*,#719,.F.);
#927=ORIENTED_EDGE('',*,*,#720,.T.);
#928=ORIENTED_EDGE('',*,*,#718,.T.);
#929=ORIENTED_EDGE('',*,*,#699,.T.);
#930=ORIENTED_EDGE('',*,*,#721,.T.);
#931=ORIENTED_EDGE('',*,*,#706,.F.);
#932=ORIENTED_EDGE('',*,*,#722,.F.);
#933=ORIENTED_EDGE('',*,*,#721,.F.);
#934=ORIENTED_EDGE('',*,*,#698,.F.);
#935=ORIENTED_EDGE('',*,*,#723,.T.);
#936=ORIENTED_EDGE('',*,*,#685,.T.);
#937=ORIENTED_EDGE('',*,*,#703,.T.);
#938=ORIENTED_EDGE('',*,*,#724,.T.);
#939=ORIENTED_EDGE('',*,*,#716,.F.);
#940=ORIENTED_EDGE('',*,*,#725,.F.);
#941=ORIENTED_EDGE('',*,*,#724,.F.);
#942=ORIENTED_EDGE('',*,*,#702,.T.);
#943=ORIENTED_EDGE('',*,*,#726,.T.);
#944=ORIENTED_EDGE('',*,*,#713,.T.);
#945=ORIENTED_EDGE('',*,*,#691,.T.);
#946=ORIENTED_EDGE('',*,*,#682,.T.);
#947=ORIENTED_EDGE('',*,*,#711,.F.);
#948=ORIENTED_EDGE('',*,*,#727,.F.);
#949=ORIENTED_EDGE('',*,*,#728,.F.);
#950=ORIENTED_EDGE('',*,*,#694,.T.);
#951=ORIENTED_EDGE('',*,*,#695,.F.);
#952=ORIENTED_EDGE('',*,*,#728,.T.);
#953=ORIENTED_EDGE('',*,*,#729,.F.);
#954=ORIENTED_EDGE('',*,*,#708,.F.);
#955=ORIENTED_EDGE('',*,*,#704,.F.);
#956=ORIENTED_EDGE('',*,*,#689,.T.);
#957=ORIENTED_EDGE('',*,*,#730,.F.);
#958=ORIENTED_EDGE('',*,*,#678,.F.);
#959=ORIENTED_EDGE('',*,*,#679,.T.);
#960=ORIENTED_EDGE('',*,*,#730,.T.);
#961=ORIENTED_EDGE('',*,*,#688,.T.);
#962=ORIENTED_EDGE('',*,*,#686,.T.);
#963=ORIENTED_EDGE('',*,*,#723,.F.);
#964=ORIENTED_EDGE('',*,*,#725,.T.);
#965=ORIENTED_EDGE('',*,*,#715,.F.);
#966=ORIENTED_EDGE('',*,*,#719,.T.);
#967=ORIENTED_EDGE('',*,*,#720,.F.);
#968=ORIENTED_EDGE('',*,*,#722,.T.);
#969=ORIENTED_EDGE('',*,*,#705,.F.);
#970=ORIENTED_EDGE('',*,*,#709,.T.);
#971=ORIENTED_EDGE('',*,*,#729,.T.);
#972=ORIENTED_EDGE('',*,*,#727,.T.);
#973=ORIENTED_EDGE('',*,*,#710,.F.);
#974=ORIENTED_EDGE('',*,*,#714,.T.);
#975=ORIENTED_EDGE('',*,*,#726,.F.);
#976=ORIENTED_EDGE('',*,*,#681,.T.);
#977=ORIENTED_EDGE('',*,*,#731,.F.);
#978=ORIENTED_EDGE('',*,*,#732,.F.);
#979=ORIENTED_EDGE('',*,*,#733,.F.);
#980=ORIENTED_EDGE('',*,*,#734,.F.);
#981=ORIENTED_EDGE('',*,*,#734,.T.);
#982=ORIENTED_EDGE('',*,*,#735,.F.);
#983=ORIENTED_EDGE('',*,*,#736,.F.);
#984=ORIENTED_EDGE('',*,*,#737,.F.);
#985=ORIENTED_EDGE('',*,*,#738,.F.);
#986=ORIENTED_EDGE('',*,*,#739,.T.);
#987=ORIENTED_EDGE('',*,*,#740,.T.);
#988=ORIENTED_EDGE('',*,*,#741,.F.);
#989=ORIENTED_EDGE('',*,*,#742,.F.);
#990=ORIENTED_EDGE('',*,*,#743,.T.);
#991=ORIENTED_EDGE('',*,*,#744,.T.);
#992=ORIENTED_EDGE('',*,*,#739,.F.);
#993=ORIENTED_EDGE('',*,*,#745,.F.);
#994=ORIENTED_EDGE('',*,*,#746,.T.);
#995=ORIENTED_EDGE('',*,*,#747,.T.);
#996=ORIENTED_EDGE('',*,*,#743,.F.);
#997=ORIENTED_EDGE('',*,*,#748,.F.);
#998=ORIENTED_EDGE('',*,*,#741,.T.);
#999=ORIENTED_EDGE('',*,*,#749,.T.);
#1000=ORIENTED_EDGE('',*,*,#746,.F.);
#1001=ORIENTED_EDGE('',*,*,#749,.F.);
#1002=ORIENTED_EDGE('',*,*,#740,.F.);
#1003=ORIENTED_EDGE('',*,*,#744,.F.);
#1004=ORIENTED_EDGE('',*,*,#747,.F.);
#1005=ORIENTED_EDGE('',*,*,#750,.F.);
#1006=ORIENTED_EDGE('',*,*,#751,.T.);
#1007=ORIENTED_EDGE('',*,*,#752,.T.);
#1008=ORIENTED_EDGE('',*,*,#753,.F.);
#1009=ORIENTED_EDGE('',*,*,#754,.F.);
#1010=ORIENTED_EDGE('',*,*,#755,.T.);
#1011=ORIENTED_EDGE('',*,*,#756,.T.);
#1012=ORIENTED_EDGE('',*,*,#751,.F.);
#1013=ORIENTED_EDGE('',*,*,#757,.F.);
#1014=ORIENTED_EDGE('',*,*,#758,.T.);
#1015=ORIENTED_EDGE('',*,*,#759,.T.);
#1016=ORIENTED_EDGE('',*,*,#755,.F.);
#1017=ORIENTED_EDGE('',*,*,#760,.F.);
#1018=ORIENTED_EDGE('',*,*,#753,.T.);
#1019=ORIENTED_EDGE('',*,*,#761,.T.);
#1020=ORIENTED_EDGE('',*,*,#758,.F.);
#1021=ORIENTED_EDGE('',*,*,#761,.F.);
#1022=ORIENTED_EDGE('',*,*,#752,.F.);
#1023=ORIENTED_EDGE('',*,*,#756,.F.);
#1024=ORIENTED_EDGE('',*,*,#759,.F.);
#1025=ORIENTED_EDGE('',*,*,#733,.T.);
#1026=ORIENTED_EDGE('',*,*,#762,.F.);
#1027=ORIENTED_EDGE('',*,*,#763,.T.);
#1028=ORIENTED_EDGE('',*,*,#764,.F.);
#1029=ORIENTED_EDGE('',*,*,#765,.T.);
#1030=ORIENTED_EDGE('',*,*,#766,.T.);
#1031=ORIENTED_EDGE('',*,*,#767,.T.);
#1032=ORIENTED_EDGE('',*,*,#768,.T.);
#1033=ORIENTED_EDGE('',*,*,#769,.T.);
#1034=ORIENTED_EDGE('',*,*,#770,.T.);
#1035=ORIENTED_EDGE('',*,*,#771,.T.);
#1036=ORIENTED_EDGE('',*,*,#772,.T.);
#1037=ORIENTED_EDGE('',*,*,#773,.T.);
#1038=ORIENTED_EDGE('',*,*,#774,.T.);
#1039=ORIENTED_EDGE('',*,*,#775,.T.);
#1040=ORIENTED_EDGE('',*,*,#735,.T.);
#1041=ORIENTED_EDGE('',*,*,#738,.T.);
#1042=ORIENTED_EDGE('',*,*,#748,.T.);
#1043=ORIENTED_EDGE('',*,*,#745,.T.);
#1044=ORIENTED_EDGE('',*,*,#742,.T.);
#1045=ORIENTED_EDGE('',*,*,#750,.T.);
#1046=ORIENTED_EDGE('',*,*,#760,.T.);
#1047=ORIENTED_EDGE('',*,*,#757,.T.);
#1048=ORIENTED_EDGE('',*,*,#754,.T.);
#1049=ORIENTED_EDGE('',*,*,#764,.T.);
#1050=ORIENTED_EDGE('',*,*,#776,.T.);
#1051=ORIENTED_EDGE('',*,*,#777,.T.);
#1052=ORIENTED_EDGE('',*,*,#778,.T.);
#1053=ORIENTED_EDGE('',*,*,#776,.F.);
#1054=ORIENTED_EDGE('',*,*,#763,.F.);
#1055=ORIENTED_EDGE('',*,*,#779,.F.);
#1056=ORIENTED_EDGE('',*,*,#780,.T.);
#1057=ORIENTED_EDGE('',*,*,#762,.T.);
#1058=ORIENTED_EDGE('',*,*,#732,.T.);
#1059=ORIENTED_EDGE('',*,*,#781,.T.);
#1060=ORIENTED_EDGE('',*,*,#779,.T.);
#1061=ORIENTED_EDGE('',*,*,#782,.F.);
#1062=ORIENTED_EDGE('',*,*,#736,.T.);
#1063=ORIENTED_EDGE('',*,*,#775,.F.);
#1064=ORIENTED_EDGE('',*,*,#783,.F.);
#1065=ORIENTED_EDGE('',*,*,#784,.T.);
#1066=ORIENTED_EDGE('',*,*,#783,.T.);
#1067=ORIENTED_EDGE('',*,*,#774,.F.);
#1068=ORIENTED_EDGE('',*,*,#785,.F.);
#1069=ORIENTED_EDGE('',*,*,#786,.T.);
#1070=ORIENTED_EDGE('',*,*,#785,.T.);
#1071=ORIENTED_EDGE('',*,*,#773,.F.);
#1072=ORIENTED_EDGE('',*,*,#787,.F.);
#1073=ORIENTED_EDGE('',*,*,#788,.T.);
#1074=ORIENTED_EDGE('',*,*,#787,.T.);
#1075=ORIENTED_EDGE('',*,*,#772,.F.);
#1076=ORIENTED_EDGE('',*,*,#789,.F.);
#1077=ORIENTED_EDGE('',*,*,#790,.T.);
#1078=ORIENTED_EDGE('',*,*,#789,.T.);
#1079=ORIENTED_EDGE('',*,*,#771,.F.);
#1080=ORIENTED_EDGE('',*,*,#791,.F.);
#1081=ORIENTED_EDGE('',*,*,#792,.T.);
#1082=ORIENTED_EDGE('',*,*,#791,.T.);
#1083=ORIENTED_EDGE('',*,*,#770,.F.);
#1084=ORIENTED_EDGE('',*,*,#793,.F.);
#1085=ORIENTED_EDGE('',*,*,#794,.T.);
#1086=ORIENTED_EDGE('',*,*,#793,.T.);
#1087=ORIENTED_EDGE('',*,*,#769,.F.);
#1088=ORIENTED_EDGE('',*,*,#795,.F.);
#1089=ORIENTED_EDGE('',*,*,#796,.F.);
#1090=ORIENTED_EDGE('',*,*,#795,.T.);
#1091=ORIENTED_EDGE('',*,*,#768,.F.);
#1092=ORIENTED_EDGE('',*,*,#797,.F.);
#1093=ORIENTED_EDGE('',*,*,#798,.F.);
#1094=ORIENTED_EDGE('',*,*,#797,.T.);
#1095=ORIENTED_EDGE('',*,*,#767,.F.);
#1096=ORIENTED_EDGE('',*,*,#799,.F.);
#1097=ORIENTED_EDGE('',*,*,#800,.T.);
#1098=ORIENTED_EDGE('',*,*,#799,.T.);
#1099=ORIENTED_EDGE('',*,*,#766,.F.);
#1100=ORIENTED_EDGE('',*,*,#801,.F.);
#1101=ORIENTED_EDGE('',*,*,#778,.F.);
#1102=ORIENTED_EDGE('',*,*,#802,.T.);
#1103=ORIENTED_EDGE('',*,*,#801,.T.);
#1104=ORIENTED_EDGE('',*,*,#765,.F.);
#1105=ORIENTED_EDGE('',*,*,#731,.T.);
#1106=ORIENTED_EDGE('',*,*,#737,.T.);
#1107=ORIENTED_EDGE('',*,*,#782,.T.);
#1108=ORIENTED_EDGE('',*,*,#784,.F.);
#1109=ORIENTED_EDGE('',*,*,#786,.F.);
#1110=ORIENTED_EDGE('',*,*,#788,.F.);
#1111=ORIENTED_EDGE('',*,*,#790,.F.);
#1112=ORIENTED_EDGE('',*,*,#792,.F.);
#1113=ORIENTED_EDGE('',*,*,#794,.F.);
#1114=ORIENTED_EDGE('',*,*,#796,.T.);
#1115=ORIENTED_EDGE('',*,*,#798,.T.);
#1116=ORIENTED_EDGE('',*,*,#800,.F.);
#1117=ORIENTED_EDGE('',*,*,#802,.F.);
#1118=ORIENTED_EDGE('',*,*,#777,.F.);
#1119=ORIENTED_EDGE('',*,*,#780,.F.);
#1120=ORIENTED_EDGE('',*,*,#781,.F.);
#1121=ORIENTED_EDGE('',*,*,#803,.T.);
#1122=ORIENTED_EDGE('',*,*,#804,.T.);
#1123=ORIENTED_EDGE('',*,*,#805,.F.);
#1124=ORIENTED_EDGE('',*,*,#806,.F.);
#1125=ORIENTED_EDGE('',*,*,#806,.T.);
#1126=ORIENTED_EDGE('',*,*,#807,.F.);
#1127=ORIENTED_EDGE('',*,*,#808,.F.);
#1128=ORIENTED_EDGE('',*,*,#809,.T.);
#1129=ORIENTED_EDGE('',*,*,#810,.F.);
#1130=ORIENTED_EDGE('',*,*,#811,.T.);
#1131=ORIENTED_EDGE('',*,*,#812,.T.);
#1132=ORIENTED_EDGE('',*,*,#813,.F.);
#1133=ORIENTED_EDGE('',*,*,#814,.F.);
#1134=ORIENTED_EDGE('',*,*,#815,.T.);
#1135=ORIENTED_EDGE('',*,*,#816,.T.);
#1136=ORIENTED_EDGE('',*,*,#811,.F.);
#1137=ORIENTED_EDGE('',*,*,#817,.F.);
#1138=ORIENTED_EDGE('',*,*,#818,.T.);
#1139=ORIENTED_EDGE('',*,*,#819,.T.);
#1140=ORIENTED_EDGE('',*,*,#815,.F.);
#1141=ORIENTED_EDGE('',*,*,#820,.F.);
#1142=ORIENTED_EDGE('',*,*,#813,.T.);
#1143=ORIENTED_EDGE('',*,*,#821,.T.);
#1144=ORIENTED_EDGE('',*,*,#818,.F.);
#1145=ORIENTED_EDGE('',*,*,#821,.F.);
#1146=ORIENTED_EDGE('',*,*,#812,.F.);
#1147=ORIENTED_EDGE('',*,*,#816,.F.);
#1148=ORIENTED_EDGE('',*,*,#819,.F.);
#1149=ORIENTED_EDGE('',*,*,#803,.F.);
#1150=ORIENTED_EDGE('',*,*,#809,.F.);
#1151=ORIENTED_EDGE('',*,*,#822,.F.);
#1152=ORIENTED_EDGE('',*,*,#823,.F.);
#1153=ORIENTED_EDGE('',*,*,#824,.F.);
#1154=ORIENTED_EDGE('',*,*,#825,.F.);
#1155=ORIENTED_EDGE('',*,*,#826,.F.);
#1156=ORIENTED_EDGE('',*,*,#827,.F.);
#1157=ORIENTED_EDGE('',*,*,#828,.T.);
#1158=ORIENTED_EDGE('',*,*,#829,.T.);
#1159=ORIENTED_EDGE('',*,*,#824,.T.);
#1160=ORIENTED_EDGE('',*,*,#830,.T.);
#1161=ORIENTED_EDGE('',*,*,#830,.F.);
#1162=ORIENTED_EDGE('',*,*,#823,.T.);
#1163=ORIENTED_EDGE('',*,*,#831,.F.);
#1164=ORIENTED_EDGE('',*,*,#832,.F.);
#1165=ORIENTED_EDGE('',*,*,#833,.T.);
#1166=ORIENTED_EDGE('',*,*,#831,.T.);
#1167=ORIENTED_EDGE('',*,*,#822,.T.);
#1168=ORIENTED_EDGE('',*,*,#808,.T.);
#1169=ORIENTED_EDGE('',*,*,#829,.F.);
#1170=ORIENTED_EDGE('',*,*,#834,.F.);
#1171=ORIENTED_EDGE('',*,*,#835,.F.);
#1172=ORIENTED_EDGE('',*,*,#825,.T.);
#1173=ORIENTED_EDGE('',*,*,#826,.T.);
#1174=ORIENTED_EDGE('',*,*,#835,.T.);
#1175=ORIENTED_EDGE('',*,*,#836,.F.);
#1176=ORIENTED_EDGE('',*,*,#837,.F.);
#1177=ORIENTED_EDGE('',*,*,#827,.T.);
#1178=ORIENTED_EDGE('',*,*,#837,.T.);
#1179=ORIENTED_EDGE('',*,*,#838,.F.);
#1180=ORIENTED_EDGE('',*,*,#804,.F.);
#1181=ORIENTED_EDGE('',*,*,#805,.T.);
#1182=ORIENTED_EDGE('',*,*,#838,.T.);
#1183=ORIENTED_EDGE('',*,*,#836,.T.);
#1184=ORIENTED_EDGE('',*,*,#834,.T.);
#1185=ORIENTED_EDGE('',*,*,#828,.F.);
#1186=ORIENTED_EDGE('',*,*,#832,.T.);
#1187=ORIENTED_EDGE('',*,*,#833,.F.);
#1188=ORIENTED_EDGE('',*,*,#807,.T.);
#1189=ORIENTED_EDGE('',*,*,#810,.T.);
#1190=ORIENTED_EDGE('',*,*,#820,.T.);
#1191=ORIENTED_EDGE('',*,*,#817,.T.);
#1192=ORIENTED_EDGE('',*,*,#814,.T.);
#1193=ORIENTED_EDGE('',*,*,#839,.T.);
#1194=ORIENTED_EDGE('',*,*,#840,.T.);
#1195=ORIENTED_EDGE('',*,*,#841,.T.);
#1196=ORIENTED_EDGE('',*,*,#842,.T.);
#1197=ORIENTED_EDGE('',*,*,#842,.F.);
#1198=ORIENTED_EDGE('',*,*,#843,.F.);
#1199=ORIENTED_EDGE('',*,*,#844,.T.);
#1200=ORIENTED_EDGE('',*,*,#845,.F.);
#1201=ORIENTED_EDGE('',*,*,#841,.F.);
#1202=ORIENTED_EDGE('',*,*,#846,.F.);
#1203=ORIENTED_EDGE('',*,*,#847,.F.);
#1204=ORIENTED_EDGE('',*,*,#848,.F.);
#1205=ORIENTED_EDGE('',*,*,#849,.F.);
#1206=ORIENTED_EDGE('',*,*,#850,.T.);
#1207=ORIENTED_EDGE('',*,*,#851,.T.);
#1208=ORIENTED_EDGE('',*,*,#852,.F.);
#1209=ORIENTED_EDGE('',*,*,#853,.T.);
#1210=ORIENTED_EDGE('',*,*,#843,.T.);
#1211=ORIENTED_EDGE('',*,*,#854,.T.);
#1212=ORIENTED_EDGE('',*,*,#855,.T.);
#1213=ORIENTED_EDGE('',*,*,#847,.T.);
#1214=ORIENTED_EDGE('',*,*,#856,.T.);
#1215=ORIENTED_EDGE('',*,*,#855,.F.);
#1216=ORIENTED_EDGE('',*,*,#857,.F.);
#1217=ORIENTED_EDGE('',*,*,#858,.F.);
#1218=ORIENTED_EDGE('',*,*,#848,.T.);
#1219=ORIENTED_EDGE('',*,*,#851,.F.);
#1220=ORIENTED_EDGE('',*,*,#859,.T.);
#1221=ORIENTED_EDGE('',*,*,#860,.F.);
#1222=ORIENTED_EDGE('',*,*,#861,.F.);
#1223=ORIENTED_EDGE('',*,*,#852,.T.);
#1224=ORIENTED_EDGE('',*,*,#861,.T.);
#1225=ORIENTED_EDGE('',*,*,#862,.F.);
#1226=ORIENTED_EDGE('',*,*,#863,.F.);
#1227=ORIENTED_EDGE('',*,*,#853,.F.);
#1228=ORIENTED_EDGE('',*,*,#863,.T.);
#1229=ORIENTED_EDGE('',*,*,#864,.F.);
#1230=ORIENTED_EDGE('',*,*,#844,.F.);
#1231=ORIENTED_EDGE('',*,*,#840,.F.);
#1232=ORIENTED_EDGE('',*,*,#865,.F.);
#1233=ORIENTED_EDGE('',*,*,#856,.F.);
#1234=ORIENTED_EDGE('',*,*,#846,.T.);
#1235=ORIENTED_EDGE('',*,*,#849,.T.);
#1236=ORIENTED_EDGE('',*,*,#858,.T.);
#1237=ORIENTED_EDGE('',*,*,#866,.F.);
#1238=ORIENTED_EDGE('',*,*,#867,.F.);
#1239=ORIENTED_EDGE('',*,*,#850,.F.);
#1240=ORIENTED_EDGE('',*,*,#867,.T.);
#1241=ORIENTED_EDGE('',*,*,#868,.F.);
#1242=ORIENTED_EDGE('',*,*,#859,.F.);
#1243=ORIENTED_EDGE('',*,*,#839,.F.);
#1244=ORIENTED_EDGE('',*,*,#845,.T.);
#1245=ORIENTED_EDGE('',*,*,#864,.T.);
#1246=ORIENTED_EDGE('',*,*,#862,.T.);
#1247=ORIENTED_EDGE('',*,*,#860,.T.);
#1248=ORIENTED_EDGE('',*,*,#868,.T.);
#1249=ORIENTED_EDGE('',*,*,#866,.T.);
#1250=ORIENTED_EDGE('',*,*,#857,.T.);
#1251=ORIENTED_EDGE('',*,*,#854,.F.);
#1252=ORIENTED_EDGE('',*,*,#865,.T.);
#1253=PLANE('',#1408);
#1254=PLANE('',#1409);
#1255=PLANE('',#1410);
#1256=PLANE('',#1411);
#1257=PLANE('',#1412);
#1258=PLANE('',#1421);
#1259=PLANE('',#1424);
#1260=PLANE('',#1427);
#1261=PLANE('',#1430);
#1262=PLANE('',#1433);
#1263=PLANE('',#1436);
#1264=PLANE('',#1437);
#1265=PLANE('',#1438);
#1266=PLANE('',#1439);
#1267=PLANE('',#1440);
#1268=PLANE('',#1441);
#1269=PLANE('',#1442);
#1270=PLANE('',#1443);
#1271=PLANE('',#1444);
#1272=PLANE('',#1445);
#1273=PLANE('',#1446);
#1274=PLANE('',#1447);
#1275=PLANE('',#1448);
#1276=PLANE('',#1449);
#1277=PLANE('',#1450);
#1278=PLANE('',#1451);
#1279=PLANE('',#1452);
#1280=PLANE('',#1457);
#1281=PLANE('',#1460);
#1282=PLANE('',#1461);
#1283=PLANE('',#1462);
#1284=PLANE('',#1463);
#1285=PLANE('',#1464);
#1286=PLANE('',#1465);
#1287=PLANE('',#1466);
#1288=PLANE('',#1467);
#1289=PLANE('',#1468);
#1290=PLANE('',#1469);
#1291=PLANE('',#1470);
#1292=PLANE('',#1471);
#1293=PLANE('',#1472);
#1294=PLANE('',#1473);
#1295=PLANE('',#1474);
#1296=PLANE('',#1475);
#1297=PLANE('',#1476);
#1298=PLANE('',#1477);
#1299=PLANE('',#1478);
#1300=PLANE('',#1479);
#1301=PLANE('',#1484);
#1302=PLANE('',#1487);
#1303=PLANE('',#1488);
#1304=PLANE('',#1489);
#1305=PLANE('',#1490);
#1306=PLANE('',#1494);
#1307=PLANE('',#1495);
#1308=PLANE('',#1499);
#1309=PLANE('',#1500);
#1310=PLANE('',#1501);
#1311=PLANE('',#1502);
#1312=PLANE('',#1503);
#1313=PLANE('',#1504);
#1314=PLANE('',#1505);
#1315=PLANE('',#1506);
#1316=ADVANCED_FACE('',(#60),#1253,.T.);
#1317=ADVANCED_FACE('',(#61),#1254,.T.);
#1318=ADVANCED_FACE('',(#62),#1255,.T.);
#1319=ADVANCED_FACE('',(#63),#1256,.T.);
#1320=ADVANCED_FACE('',(#64),#1257,.F.);
#1321=ADVANCED_FACE('',(#65),#24,.T.);
#1322=ADVANCED_FACE('',(#66),#1258,.T.);
#1323=ADVANCED_FACE('',(#67),#25,.T.);
#1324=ADVANCED_FACE('',(#68),#1259,.T.);
#1325=ADVANCED_FACE('',(#69),#26,.T.);
#1326=ADVANCED_FACE('',(#70),#1260,.T.);
#1327=ADVANCED_FACE('',(#71),#27,.T.);
#1328=ADVANCED_FACE('',(#72),#1261,.T.);
#1329=ADVANCED_FACE('',(#73),#28,.T.);
#1330=ADVANCED_FACE('',(#74),#1262,.T.);
#1331=ADVANCED_FACE('',(#75),#29,.T.);
#1332=ADVANCED_FACE('',(#76),#1263,.T.);
#1333=ADVANCED_FACE('',(#77),#1264,.T.);
#1334=ADVANCED_FACE('',(#78),#1265,.T.);
#1335=ADVANCED_FACE('',(#79),#1266,.T.);
#1336=ADVANCED_FACE('',(#80),#1267,.T.);
#1337=ADVANCED_FACE('',(#81),#1268,.T.);
#1338=ADVANCED_FACE('',(#82),#1269,.F.);
#1339=ADVANCED_FACE('',(#83),#1270,.F.);
#1340=ADVANCED_FACE('',(#84),#1271,.F.);
#1341=ADVANCED_FACE('',(#85),#1272,.F.);
#1342=ADVANCED_FACE('',(#86),#1273,.F.);
#1343=ADVANCED_FACE('',(#87),#1274,.F.);
#1344=ADVANCED_FACE('',(#88),#1275,.F.);
#1345=ADVANCED_FACE('',(#89),#1276,.F.);
#1346=ADVANCED_FACE('',(#90),#1277,.F.);
#1347=ADVANCED_FACE('',(#91),#1278,.F.);
#1348=ADVANCED_FACE('',(#92,#13,#14),#1279,.T.);
#1349=ADVANCED_FACE('',(#93),#30,.T.);
#1350=ADVANCED_FACE('',(#94),#1280,.T.);
#1351=ADVANCED_FACE('',(#95),#31,.T.);
#1352=ADVANCED_FACE('',(#96),#1281,.T.);
#1353=ADVANCED_FACE('',(#97),#1282,.T.);
#1354=ADVANCED_FACE('',(#98),#1283,.T.);
#1355=ADVANCED_FACE('',(#99),#1284,.T.);
#1356=ADVANCED_FACE('',(#100),#1285,.T.);
#1357=ADVANCED_FACE('',(#101),#1286,.T.);
#1358=ADVANCED_FACE('',(#102),#1287,.T.);
#1359=ADVANCED_FACE('',(#103),#1288,.T.);
#1360=ADVANCED_FACE('',(#104),#1289,.T.);
#1361=ADVANCED_FACE('',(#105),#1290,.T.);
#1362=ADVANCED_FACE('',(#106),#1291,.T.);
#1363=ADVANCED_FACE('',(#107),#1292,.F.);
#1364=ADVANCED_FACE('',(#108),#1293,.T.);
#1365=ADVANCED_FACE('',(#109),#1294,.T.);
#1366=ADVANCED_FACE('',(#110),#1295,.F.);
#1367=ADVANCED_FACE('',(#111),#1296,.F.);
#1368=ADVANCED_FACE('',(#112),#1297,.F.);
#1369=ADVANCED_FACE('',(#113),#1298,.F.);
#1370=ADVANCED_FACE('',(#114),#1299,.F.);
#1371=ADVANCED_FACE('',(#115),#1300,.F.);
#1372=ADVANCED_FACE('',(#116),#32,.T.);
#1373=ADVANCED_FACE('',(#117),#1301,.T.);
#1374=ADVANCED_FACE('',(#118),#33,.T.);
#1375=ADVANCED_FACE('',(#119),#1302,.T.);
#1376=ADVANCED_FACE('',(#120),#1303,.T.);
#1377=ADVANCED_FACE('',(#121),#1304,.T.);
#1378=ADVANCED_FACE('',(#122,#15),#1305,.T.);
#1379=ADVANCED_FACE('',(#123),#34,.T.);
#1380=ADVANCED_FACE('',(#124),#1306,.T.);
#1381=ADVANCED_FACE('',(#125),#1307,.F.);
#1382=ADVANCED_FACE('',(#126),#35,.T.);
#1383=ADVANCED_FACE('',(#127),#1308,.T.);
#1384=ADVANCED_FACE('',(#128),#1309,.T.);
#1385=ADVANCED_FACE('',(#129),#1310,.T.);
#1386=ADVANCED_FACE('',(#130),#1311,.T.);
#1387=ADVANCED_FACE('',(#131),#1312,.T.);
#1388=ADVANCED_FACE('',(#132),#1313,.T.);
#1389=ADVANCED_FACE('',(#133),#1314,.T.);
#1390=ADVANCED_FACE('',(#134),#1315,.T.);
#1391=CLOSED_SHELL('',(#1316,#1317,#1318,#1319,#1320,#1321,#1322,#1323,
#1324,#1325,#1326,#1327,#1328,#1329,#1330,#1331,#1332,#1333,#1334,#1335));
#1392=CLOSED_SHELL('',(#1336,#1337,#1338,#1339,#1340,#1341,#1342,#1343,
#1344,#1345,#1346,#1347,#1348,#1349,#1350,#1351,#1352,#1353,#1354,#1355,
#1356,#1357,#1358,#1359,#1360,#1361,#1362,#1363));
#1393=CLOSED_SHELL('',(#1364,#1365,#1366,#1367,#1368,#1369,#1370,#1371,
#1372,#1373,#1374,#1375,#1376,#1377,#1378));
#1394=CLOSED_SHELL('',(#1379,#1380,#1381,#1382,#1383,#1384,#1385,#1386,
#1387,#1388,#1389,#1390));
#1395=DERIVED_UNIT_ELEMENT(#1397,1.);
#1396=DERIVED_UNIT_ELEMENT(#2276,-3.);
#1397=(
MASS_UNIT()
NAMED_UNIT(*)
SI_UNIT(.KILO.,.GRAM.)
);
#1398=DERIVED_UNIT((#1395,#1396));
#1399=MEASURE_REPRESENTATION_ITEM('density measure',
POSITIVE_RATIO_MEASURE(7850.),#1398);
#1400=PROPERTY_DEFINITION_REPRESENTATION(#1405,#1402);
#1401=PROPERTY_DEFINITION_REPRESENTATION(#1406,#1403);
#1402=REPRESENTATION('material name',(#1404),#2273);
#1403=REPRESENTATION('density',(#1399),#2273);
#1404=DESCRIPTIVE_REPRESENTATION_ITEM('Steel','Steel');
#1405=PROPERTY_DEFINITION('material property','material name',#2283);
#1406=PROPERTY_DEFINITION('material property','density of part',#2283);
#1407=AXIS2_PLACEMENT_3D('',#1875,#1507,#1508);
#1408=AXIS2_PLACEMENT_3D('',#1876,#1509,#1510);
#1409=AXIS2_PLACEMENT_3D('',#1885,#1515,#1516);
#1410=AXIS2_PLACEMENT_3D('',#1891,#1520,#1521);
#1411=AXIS2_PLACEMENT_3D('',#1900,#1526,#1527);
#1412=AXIS2_PLACEMENT_3D('',#1906,#1531,#1532);
#1413=AXIS2_PLACEMENT_3D('',#1908,#1533,#1534);
#1414=AXIS2_PLACEMENT_3D('',#1912,#1536,#1537);
#1415=AXIS2_PLACEMENT_3D('',#1920,#1541,#1542);
#1416=AXIS2_PLACEMENT_3D('',#1924,#1544,#1545);
#1417=AXIS2_PLACEMENT_3D('',#1928,#1547,#1548);
#1418=AXIS2_PLACEMENT_3D('',#1931,#1550,#1551);
#1419=AXIS2_PLACEMENT_3D('',#1933,#1553,#1554);
#1420=AXIS2_PLACEMENT_3D('',#1936,#1555,#1556);
#1421=AXIS2_PLACEMENT_3D('',#1939,#1559,#1560);
#1422=AXIS2_PLACEMENT_3D('',#1943,#1563,#1564);
#1423=AXIS2_PLACEMENT_3D('',#1946,#1565,#1566);
#1424=AXIS2_PLACEMENT_3D('',#1949,#1569,#1570);
#1425=AXIS2_PLACEMENT_3D('',#1953,#1573,#1574);
#1426=AXIS2_PLACEMENT_3D('',#1956,#1575,#1576);
#1427=AXIS2_PLACEMENT_3D('',#1959,#1579,#1580);
#1428=AXIS2_PLACEMENT_3D('',#1963,#1583,#1584);
#1429=AXIS2_PLACEMENT_3D('',#1965,#1585,#1586);
#1430=AXIS2_PLACEMENT_3D('',#1967,#1588,#1589);
#1431=AXIS2_PLACEMENT_3D('',#1969,#1591,#1592);
#1432=AXIS2_PLACEMENT_3D('',#1971,#1593,#1594);
#1433=AXIS2_PLACEMENT_3D('',#1973,#1596,#1597);
#1434=AXIS2_PLACEMENT_3D('',#1975,#1599,#1600);
#1435=AXIS2_PLACEMENT_3D('',#1976,#1601,#1602);
#1436=AXIS2_PLACEMENT_3D('',#1977,#1603,#1604);
#1437=AXIS2_PLACEMENT_3D('',#1981,#1607,#1608);
#1438=AXIS2_PLACEMENT_3D('',#1983,#1610,#1611);
#1439=AXIS2_PLACEMENT_3D('',#1985,#1613,#1614);
#1440=AXIS2_PLACEMENT_3D('',#1986,#1615,#1616);
#1441=AXIS2_PLACEMENT_3D('',#1995,#1621,#1622);
#1442=AXIS2_PLACEMENT_3D('',#2001,#1626,#1627);
#1443=AXIS2_PLACEMENT_3D('',#2010,#1632,#1633);
#1444=AXIS2_PLACEMENT_3D('',#2016,#1637,#1638);
#1445=AXIS2_PLACEMENT_3D('',#2022,#1642,#1643);
#1446=AXIS2_PLACEMENT_3D('',#2025,#1646,#1647);
#1447=AXIS2_PLACEMENT_3D('',#2026,#1648,#1649);
#1448=AXIS2_PLACEMENT_3D('',#2035,#1654,#1655);
#1449=AXIS2_PLACEMENT_3D('',#2041,#1659,#1660);
#1450=AXIS2_PLACEMENT_3D('',#2047,#1664,#1665);
#1451=AXIS2_PLACEMENT_3D('',#2050,#1668,#1669);
#1452=AXIS2_PLACEMENT_3D('',#2051,#1670,#1671);
#1453=AXIS2_PLACEMENT_3D('',#2053,#1672,#1673);
#1454=AXIS2_PLACEMENT_3D('',#2057,#1675,#1676);
#1455=AXIS2_PLACEMENT_3D('',#2079,#1688,#1689);
#1456=AXIS2_PLACEMENT_3D('',#2083,#1691,#1692);
#1457=AXIS2_PLACEMENT_3D('',#2085,#1694,#1695);
#1458=AXIS2_PLACEMENT_3D('',#2089,#1698,#1699);
#1459=AXIS2_PLACEMENT_3D('',#2090,#1700,#1701);
#1460=AXIS2_PLACEMENT_3D('',#2091,#1702,#1703);
#1461=AXIS2_PLACEMENT_3D('',#2095,#1706,#1707);
#1462=AXIS2_PLACEMENT_3D('',#2099,#1710,#1711);
#1463=AXIS2_PLACEMENT_3D('',#2103,#1714,#1715);
#1464=AXIS2_PLACEMENT_3D('',#2107,#1718,#1719);
#1465=AXIS2_PLACEMENT_3D('',#2111,#1722,#1723);
#1466=AXIS2_PLACEMENT_3D('',#2115,#1726,#1727);
#1467=AXIS2_PLACEMENT_3D('',#2119,#1730,#1731);
#1468=AXIS2_PLACEMENT_3D('',#2123,#1734,#1735);
#1469=AXIS2_PLACEMENT_3D('',#2127,#1738,#1739);
#1470=AXIS2_PLACEMENT_3D('',#2131,#1742,#1743);
#1471=AXIS2_PLACEMENT_3D('',#2133,#1745,#1746);
#1472=AXIS2_PLACEMENT_3D('',#2134,#1747,#1748);
#1473=AXIS2_PLACEMENT_3D('',#2143,#1753,#1754);
#1474=AXIS2_PLACEMENT_3D('',#2149,#1758,#1759);
#1475=AXIS2_PLACEMENT_3D('',#2158,#1764,#1765);
#1476=AXIS2_PLACEMENT_3D('',#2164,#1769,#1770);
#1477=AXIS2_PLACEMENT_3D('',#2170,#1774,#1775);
#1478=AXIS2_PLACEMENT_3D('',#2173,#1778,#1779);
#1479=AXIS2_PLACEMENT_3D('',#2174,#1780,#1781);
#1480=AXIS2_PLACEMENT_3D('',#2176,#1782,#1783);
#1481=AXIS2_PLACEMENT_3D('',#2180,#1785,#1786);
#1482=AXIS2_PLACEMENT_3D('',#2186,#1790,#1791);
#1483=AXIS2_PLACEMENT_3D('',#2189,#1792,#1793);
#1484=AXIS2_PLACEMENT_3D('',#2192,#1796,#1797);
#1485=AXIS2_PLACEMENT_3D('',#2196,#1800,#1801);
#1486=AXIS2_PLACEMENT_3D('',#2197,#1802,#1803);
#1487=AXIS2_PLACEMENT_3D('',#2198,#1804,#1805);
#1488=AXIS2_PLACEMENT_3D('',#2202,#1808,#1809);
#1489=AXIS2_PLACEMENT_3D('',#2206,#1812,#1813);
#1490=AXIS2_PLACEMENT_3D('',#2208,#1815,#1816);
#1491=AXIS2_PLACEMENT_3D('',#2209,#1817,#1818);
#1492=AXIS2_PLACEMENT_3D('',#2212,#1819,#1820);
#1493=AXIS2_PLACEMENT_3D('',#2216,#1822,#1823);
#1494=AXIS2_PLACEMENT_3D('',#2218,#1825,#1826);
#1495=AXIS2_PLACEMENT_3D('',#2224,#1830,#1831);
#1496=AXIS2_PLACEMENT_3D('',#2228,#1833,#1834);
#1497=AXIS2_PLACEMENT_3D('',#2240,#1841,#1842);
#1498=AXIS2_PLACEMENT_3D('',#2243,#1843,#1844);
#1499=AXIS2_PLACEMENT_3D('',#2246,#1847,#1848);
#1500=AXIS2_PLACEMENT_3D('',#2250,#1851,#1852);
#1501=AXIS2_PLACEMENT_3D('',#2256,#1856,#1857);
#1502=AXIS2_PLACEMENT_3D('',#2260,#1860,#1861);
#1503=AXIS2_PLACEMENT_3D('',#2262,#1863,#1864);
#1504=AXIS2_PLACEMENT_3D('',#2264,#1866,#1867);
#1505=AXIS2_PLACEMENT_3D('',#2268,#1870,#1871);
#1506=AXIS2_PLACEMENT_3D('',#2270,#1873,#1874);
#1507=DIRECTION('axis',(0.,0.,1.));
#1508=DIRECTION('refdir',(1.,0.,0.));
#1509=DIRECTION('center_axis',(0.,1.,0.));
#1510=DIRECTION('ref_axis',(-1.,0.,0.));
#1511=DIRECTION('',(-1.,0.,0.));
#1512=DIRECTION('',(0.,0.,1.));
#1513=DIRECTION('',(-1.,0.,0.));
#1514=DIRECTION('',(0.,0.,1.));
#1515=DIRECTION('center_axis',(1.,0.,0.));
#1516=DIRECTION('ref_axis',(0.,1.,0.));
#1517=DIRECTION('',(0.,1.,0.));
#1518=DIRECTION('',(0.,0.,1.));
#1519=DIRECTION('',(0.,1.,0.));
#1520=DIRECTION('center_axis',(1.,0.,0.));
#1521=DIRECTION('ref_axis',(0.,1.,0.));
#1522=DIRECTION('',(0.,-1.,0.));
#1523=DIRECTION('',(0.,0.,-1.));
#1524=DIRECTION('',(0.,1.,0.));
#1525=DIRECTION('',(0.,0.,1.));
#1526=DIRECTION('center_axis',(0.,-1.,0.));
#1527=DIRECTION('ref_axis',(1.,0.,0.));
#1528=DIRECTION('',(1.,0.,0.));
#1529=DIRECTION('',(0.,0.,1.));
#1530=DIRECTION('',(-1.,0.,0.));
#1531=DIRECTION('center_axis',(0.,0.,1.));
#1532=DIRECTION('ref_axis',(1.,0.,0.));
#1533=DIRECTION('center_axis',(0.,0.,1.));
#1534=DIRECTION('ref_axis',(0.707106781186548,-0.707106781186547,0.));
#1535=DIRECTION('',(1.,0.,0.));
#1536=DIRECTION('center_axis',(0.,0.,1.));
#1537=DIRECTION('ref_axis',(-0.707106781186548,-0.707106781186547,0.));
#1538=DIRECTION('',(0.,-1.,0.));
#1539=DIRECTION('',(-1.,0.,0.));
#1540=DIRECTION('',(0.,-1.,0.));
#1541=DIRECTION('center_axis',(0.,0.,1.));
#1542=DIRECTION('ref_axis',(0.707106781186546,-0.707106781186549,0.));
#1543=DIRECTION('',(-1.,0.,0.));
#1544=DIRECTION('center_axis',(0.,0.,1.));
#1545=DIRECTION('ref_axis',(-0.707106781186548,-0.707106781186547,0.));
#1546=DIRECTION('',(0.,-1.,0.));
#1547=DIRECTION('center_axis',(0.,0.,1.));
#1548=DIRECTION('ref_axis',(-0.707106781186548,0.707106781186548,0.));
#1549=DIRECTION('',(-1.,0.,0.));
#1550=DIRECTION('center_axis',(0.,0.,1.));
#1551=DIRECTION('ref_axis',(0.707106781186548,0.707106781186548,0.));
#1552=DIRECTION('',(4.93432455388958E-16,-1.,0.));
#1553=DIRECTION('center_axis',(0.,0.,1.));
#1554=DIRECTION('ref_axis',(0.707106781186546,-0.707106781186549,0.));
#1555=DIRECTION('center_axis',(0.,0.,-1.));
#1556=DIRECTION('ref_axis',(0.707106781186546,-0.707106781186549,0.));
#1557=DIRECTION('',(0.,0.,-1.));
#1558=DIRECTION('',(0.,0.,1.));
#1559=DIRECTION('center_axis',(1.,0.,0.));
#1560=DIRECTION('ref_axis',(0.,1.,0.));
#1561=DIRECTION('',(0.,0.,1.));
#1562=DIRECTION('',(0.,1.,0.));
#1563=DIRECTION('center_axis',(0.,0.,1.));
#1564=DIRECTION('ref_axis',(-0.707106781186548,-0.707106781186547,0.));
#1565=DIRECTION('center_axis',(0.,0.,-1.));
#1566=DIRECTION('ref_axis',(-0.707106781186548,-0.707106781186547,0.));
#1567=DIRECTION('',(0.,0.,-1.));
#1568=DIRECTION('',(0.,0.,1.));
#1569=DIRECTION('center_axis',(0.,-1.,0.));
#1570=DIRECTION('ref_axis',(1.,0.,0.));
#1571=DIRECTION('',(0.,0.,-1.));
#1572=DIRECTION('',(1.,0.,0.));
#1573=DIRECTION('center_axis',(0.,0.,1.));
#1574=DIRECTION('ref_axis',(-0.707106781186548,0.707106781186548,0.));
#1575=DIRECTION('center_axis',(0.,0.,-1.));
#1576=DIRECTION('ref_axis',(-0.707106781186548,0.707106781186548,0.));
#1577=DIRECTION('',(0.,0.,-1.));
#1578=DIRECTION('',(0.,0.,1.));
#1579=DIRECTION('center_axis',(-1.,0.,0.));
#1580=DIRECTION('ref_axis',(0.,-1.,0.));
#1581=DIRECTION('',(0.,0.,-1.));
#1582=DIRECTION('',(0.,-1.,0.));
#1583=DIRECTION('center_axis',(0.,0.,1.));
#1584=DIRECTION('ref_axis',(-0.707106781186548,-0.707106781186547,0.));
#1585=DIRECTION('center_axis',(0.,0.,-1.));
#1586=DIRECTION('ref_axis',(-0.707106781186548,-0.707106781186547,0.));
#1587=DIRECTION('',(0.,0.,1.));
#1588=DIRECTION('center_axis',(0.,-1.,0.));
#1589=DIRECTION('ref_axis',(1.,0.,0.));
#1590=DIRECTION('',(1.,0.,0.));
#1591=DIRECTION('center_axis',(0.,0.,1.));
#1592=DIRECTION('ref_axis',(0.707106781186548,0.707106781186548,0.));
#1593=DIRECTION('center_axis',(0.,0.,-1.));
#1594=DIRECTION('ref_axis',(0.707106781186548,0.707106781186548,0.));
#1595=DIRECTION('',(0.,0.,1.));
#1596=DIRECTION('center_axis',(0.,1.,0.));
#1597=DIRECTION('ref_axis',(-1.,0.,0.));
#1598=DIRECTION('',(-1.,0.,0.));
#1599=DIRECTION('center_axis',(0.,0.,1.));
#1600=DIRECTION('ref_axis',(0.707106781186548,-0.707106781186547,0.));
#1601=DIRECTION('center_axis',(0.,0.,-1.));
#1602=DIRECTION('ref_axis',(0.707106781186548,-0.707106781186547,0.));
#1603=DIRECTION('center_axis',(-1.,0.,0.));
#1604=DIRECTION('ref_axis',(0.,-1.,0.));
#1605=DIRECTION('',(0.,-1.,0.));
#1606=DIRECTION('',(0.,0.,1.));
#1607=DIRECTION('center_axis',(0.,-1.,0.));
#1608=DIRECTION('ref_axis',(1.,0.,0.));
#1609=DIRECTION('',(1.,0.,0.));
#1610=DIRECTION('center_axis',(1.,4.93432455388958E-16,0.));
#1611=DIRECTION('ref_axis',(-4.93432455388958E-16,1.,0.));
#1612=DIRECTION('',(-4.93432455388958E-16,1.,0.));
#1613=DIRECTION('center_axis',(0.,0.,1.));
#1614=DIRECTION('ref_axis',(1.,0.,0.));
#1615=DIRECTION('center_axis',(1.,0.,0.));
#1616=DIRECTION('ref_axis',(0.,1.,0.));
#1617=DIRECTION('',(0.,-1.,0.));
#1618=DIRECTION('',(0.,0.,-1.));
#1619=DIRECTION('',(0.,1.,0.));
#1620=DIRECTION('',(0.,0.,1.));
#1621=DIRECTION('center_axis',(0.,-1.,0.));
#1622=DIRECTION('ref_axis',(1.,0.,0.));
#1623=DIRECTION('',(1.,0.,0.));
#1624=DIRECTION('',(0.,0.,1.));
#1625=DIRECTION('',(-1.,0.,0.));
#1626=DIRECTION('center_axis',(-1.,0.,0.));
#1627=DIRECTION('ref_axis',(0.,1.,0.));
#1628=DIRECTION('',(0.,1.,0.));
#1629=DIRECTION('',(0.,0.,-1.));
#1630=DIRECTION('',(0.,1.,0.));
#1631=DIRECTION('',(0.,0.,-1.));
#1632=DIRECTION('center_axis',(0.,-1.,0.));
#1633=DIRECTION('ref_axis',(-1.,0.,0.));
#1634=DIRECTION('',(-1.,0.,0.));
#1635=DIRECTION('',(0.,0.,-1.));
#1636=DIRECTION('',(-1.,0.,0.));
#1637=DIRECTION('center_axis',(1.,0.,0.));
#1638=DIRECTION('ref_axis',(0.,-1.,0.));
#1639=DIRECTION('',(0.,-1.,0.));
#1640=DIRECTION('',(0.,0.,-1.));
#1641=DIRECTION('',(0.,-1.,0.));
#1642=DIRECTION('center_axis',(0.,1.,0.));
#1643=DIRECTION('ref_axis',(1.,0.,0.));
#1644=DIRECTION('',(1.,0.,0.));
#1645=DIRECTION('',(1.,0.,0.));
#1646=DIRECTION('center_axis',(0.,0.,-1.));
#1647=DIRECTION('ref_axis',(-1.,0.,0.));
#1648=DIRECTION('center_axis',(-1.,0.,0.));
#1649=DIRECTION('ref_axis',(0.,1.,0.));
#1650=DIRECTION('',(0.,1.,0.));
#1651=DIRECTION('',(0.,0.,-1.));
#1652=DIRECTION('',(0.,1.,0.));
#1653=DIRECTION('',(0.,0.,-1.));
#1654=DIRECTION('center_axis',(0.,-1.,0.));
#1655=DIRECTION('ref_axis',(-1.,0.,0.));
#1656=DIRECTION('',(-1.,0.,0.));
#1657=DIRECTION('',(0.,0.,-1.));
#1658=DIRECTION('',(-1.,0.,0.));
#1659=DIRECTION('center_axis',(1.,0.,0.));
#1660=DIRECTION('ref_axis',(0.,-1.,0.));
#1661=DIRECTION('',(0.,-1.,0.));
#1662=DIRECTION('',(0.,0.,-1.));
#1663=DIRECTION('',(0.,-1.,0.));
#1664=DIRECTION('center_axis',(0.,1.,0.));
#1665=DIRECTION('ref_axis',(1.,0.,0.));
#1666=DIRECTION('',(1.,0.,0.));
#1667=DIRECTION('',(1.,0.,0.));
#1668=DIRECTION('center_axis',(0.,0.,-1.));
#1669=DIRECTION('ref_axis',(-1.,0.,0.));
#1670=DIRECTION('center_axis',(0.,0.,1.));
#1671=DIRECTION('ref_axis',(1.,0.,0.));
#1672=DIRECTION('center_axis',(0.,0.,-1.));
#1673=DIRECTION('ref_axis',(0.707106781186548,0.707106781186548,0.));
#1674=DIRECTION('',(-1.,0.,0.));
#1675=DIRECTION('center_axis',(0.,0.,-1.));
#1676=DIRECTION('ref_axis',(-0.707106781186548,0.707106781186548,0.));
#1677=DIRECTION('',(0.,-1.,0.));
#1678=DIRECTION('',(1.,0.,0.));
#1679=DIRECTION('',(0.,1.,0.));
#1680=DIRECTION('',(1.,0.,0.));
#1681=DIRECTION('',(0.,1.,0.));
#1682=DIRECTION('',(1.,0.,0.));
#1683=DIRECTION('',(0.,1.,0.));
#1684=DIRECTION('',(1.,0.,0.));
#1685=DIRECTION('',(0.,-1.,0.));
#1686=DIRECTION('',(1.,0.,0.));
#1687=DIRECTION('',(0.,-1.,0.));
#1688=DIRECTION('center_axis',(0.,0.,1.));
#1689=DIRECTION('ref_axis',(-0.707106781186548,0.707106781186548,0.));
#1690=DIRECTION('',(0.,0.,-1.));
#1691=DIRECTION('center_axis',(0.,0.,1.));
#1692=DIRECTION('ref_axis',(-0.707106781186548,0.707106781186548,0.));
#1693=DIRECTION('',(0.,0.,1.));
#1694=DIRECTION('center_axis',(0.,1.,0.));
#1695=DIRECTION('ref_axis',(-1.,0.,0.));
#1696=DIRECTION('',(0.,0.,1.));
#1697=DIRECTION('',(-1.,0.,0.));
#1698=DIRECTION('center_axis',(0.,0.,1.));
#1699=DIRECTION('ref_axis',(0.707106781186548,0.707106781186548,0.));
#1700=DIRECTION('center_axis',(0.,0.,1.));
#1701=DIRECTION('ref_axis',(0.707106781186548,0.707106781186548,0.));
#1702=DIRECTION('center_axis',(-1.,0.,0.));
#1703=DIRECTION('ref_axis',(0.,-1.,0.));
#1704=DIRECTION('',(0.,1.,0.));
#1705=DIRECTION('',(0.,0.,1.));
#1706=DIRECTION('center_axis',(0.,-1.,0.));
#1707=DIRECTION('ref_axis',(1.,0.,0.));
#1708=DIRECTION('',(1.,0.,0.));
#1709=DIRECTION('',(0.,0.,1.));
#1710=DIRECTION('center_axis',(-1.,0.,0.));
#1711=DIRECTION('ref_axis',(0.,-1.,0.));
#1712=DIRECTION('',(0.,-1.,0.));
#1713=DIRECTION('',(0.,0.,1.));
#1714=DIRECTION('center_axis',(0.,-1.,0.));
#1715=DIRECTION('ref_axis',(1.,0.,0.));
#1716=DIRECTION('',(1.,0.,0.));
#1717=DIRECTION('',(0.,0.,1.));
#1718=DIRECTION('center_axis',(1.,0.,0.));
#1719=DIRECTION('ref_axis',(0.,1.,0.));
#1720=DIRECTION('',(0.,1.,0.));
#1721=DIRECTION('',(0.,0.,1.));
#1722=DIRECTION('center_axis',(0.,-1.,0.));
#1723=DIRECTION('ref_axis',(1.,0.,0.));
#1724=DIRECTION('',(1.,0.,0.));
#1725=DIRECTION('',(0.,0.,1.));
#1726=DIRECTION('center_axis',(1.,0.,0.));
#1727=DIRECTION('ref_axis',(0.,1.,0.));
#1728=DIRECTION('',(0.,1.,0.));
#1729=DIRECTION('',(0.,0.,1.));
#1730=DIRECTION('center_axis',(0.,-1.,0.));
#1731=DIRECTION('ref_axis',(1.,0.,0.));
#1732=DIRECTION('',(-1.,0.,0.));
#1733=DIRECTION('',(0.,0.,1.));
#1734=DIRECTION('center_axis',(1.,0.,0.));
#1735=DIRECTION('ref_axis',(0.,1.,0.));
#1736=DIRECTION('',(0.,-1.,0.));
#1737=DIRECTION('',(0.,0.,1.));
#1738=DIRECTION('center_axis',(0.,-1.,0.));
#1739=DIRECTION('ref_axis',(1.,0.,0.));
#1740=DIRECTION('',(1.,0.,0.));
#1741=DIRECTION('',(0.,0.,1.));
#1742=DIRECTION('center_axis',(-1.,0.,0.));
#1743=DIRECTION('ref_axis',(0.,-1.,0.));
#1744=DIRECTION('',(0.,-1.,0.));
#1745=DIRECTION('center_axis',(0.,0.,1.));
#1746=DIRECTION('ref_axis',(1.,0.,0.));
#1747=DIRECTION('center_axis',(0.,1.,0.));
#1748=DIRECTION('ref_axis',(-1.,0.,0.));
#1749=DIRECTION('',(-1.,0.,0.));
#1750=DIRECTION('',(0.,0.,1.));
#1751=DIRECTION('',(-1.,0.,0.));
#1752=DIRECTION('',(0.,0.,1.));
#1753=DIRECTION('center_axis',(1.,0.,0.));
#1754=DIRECTION('ref_axis',(0.,1.,0.));
#1755=DIRECTION('',(0.,1.,0.));
#1756=DIRECTION('',(0.,0.,1.));
#1757=DIRECTION('',(0.,1.,0.));
#1758=DIRECTION('center_axis',(-1.,0.,0.));
#1759=DIRECTION('ref_axis',(0.,1.,0.));
#1760=DIRECTION('',(0.,1.,0.));
#1761=DIRECTION('',(0.,0.,-1.));
#1762=DIRECTION('',(0.,1.,0.));
#1763=DIRECTION('',(0.,0.,-1.));
#1764=DIRECTION('center_axis',(0.,-1.,0.));
#1765=DIRECTION('ref_axis',(-1.,0.,0.));
#1766=DIRECTION('',(-1.,0.,0.));
#1767=DIRECTION('',(0.,0.,-1.));
#1768=DIRECTION('',(-1.,0.,0.));
#1769=DIRECTION('center_axis',(1.,0.,0.));
#1770=DIRECTION('ref_axis',(0.,-1.,0.));
#1771=DIRECTION('',(0.,-1.,0.));
#1772=DIRECTION('',(0.,0.,-1.));
#1773=DIRECTION('',(0.,-1.,0.));
#1774=DIRECTION('center_axis',(0.,1.,0.));
#1775=DIRECTION('ref_axis',(1.,0.,0.));
#1776=DIRECTION('',(1.,0.,0.));
#1777=DIRECTION('',(1.,0.,0.));
#1778=DIRECTION('center_axis',(0.,0.,-1.));
#1779=DIRECTION('ref_axis',(-1.,0.,0.));
#1780=DIRECTION('center_axis',(0.,0.,1.));
#1781=DIRECTION('ref_axis',(1.,0.,0.));
#1782=DIRECTION('center_axis',(0.,0.,1.));
#1783=DIRECTION('ref_axis',(0.707106781186548,-0.707106781186547,0.));
#1784=DIRECTION('',(1.,0.,0.));
#1785=DIRECTION('center_axis',(0.,0.,1.));
#1786=DIRECTION('ref_axis',(-0.707106781186548,-0.707106781186547,0.));
#1787=DIRECTION('',(0.,-1.,0.));
#1788=DIRECTION('',(-1.,0.,0.));
#1789=DIRECTION('',(0.,-1.,0.));
#1790=DIRECTION('center_axis',(0.,0.,1.));
#1791=DIRECTION('ref_axis',(-0.707106781186548,-0.707106781186547,0.));
#1792=DIRECTION('center_axis',(0.,0.,-1.));
#1793=DIRECTION('ref_axis',(-0.707106781186548,-0.707106781186547,0.));
#1794=DIRECTION('',(0.,0.,-1.));
#1795=DIRECTION('',(0.,0.,1.));
#1796=DIRECTION('center_axis',(0.,-1.,0.));
#1797=DIRECTION('ref_axis',(1.,0.,0.));
#1798=DIRECTION('',(0.,0.,-1.));
#1799=DIRECTION('',(1.,0.,0.));
#1800=DIRECTION('center_axis',(0.,0.,1.));
#1801=DIRECTION('ref_axis',(0.707106781186548,-0.707106781186547,0.));
#1802=DIRECTION('center_axis',(0.,0.,-1.));
#1803=DIRECTION('ref_axis',(0.707106781186548,-0.707106781186547,0.));
#1804=DIRECTION('center_axis',(-1.,0.,0.));
#1805=DIRECTION('ref_axis',(0.,-1.,0.));
#1806=DIRECTION('',(0.,-1.,0.));
#1807=DIRECTION('',(0.,0.,1.));
#1808=DIRECTION('center_axis',(0.,1.,0.));
#1809=DIRECTION('ref_axis',(-1.,0.,0.));
#1810=DIRECTION('',(-1.,0.,0.));
#1811=DIRECTION('',(0.,0.,1.));
#1812=DIRECTION('center_axis',(-1.,0.,0.));
#1813=DIRECTION('ref_axis',(0.,-1.,0.));
#1814=DIRECTION('',(0.,-1.,0.));
#1815=DIRECTION('center_axis',(0.,0.,1.));
#1816=DIRECTION('ref_axis',(1.,0.,0.));
#1817=DIRECTION('center_axis',(0.,0.,1.));
#1818=DIRECTION('ref_axis',(0.707106781186546,-0.707106781186549,0.));
#1819=DIRECTION('center_axis',(0.,0.,-1.));
#1820=DIRECTION('ref_axis',(0.707106781186546,-0.707106781186549,0.));
#1821=DIRECTION('',(0.,0.,-1.));
#1822=DIRECTION('center_axis',(0.,0.,1.));
#1823=DIRECTION('ref_axis',(0.707106781186546,-0.707106781186549,0.));
#1824=DIRECTION('',(0.,0.,1.));
#1825=DIRECTION('center_axis',(1.,0.,0.));
#1826=DIRECTION('ref_axis',(0.,1.,0.));
#1827=DIRECTION('',(0.,-1.,0.));
#1828=DIRECTION('',(0.,0.,1.));
#1829=DIRECTION('',(0.,1.,0.));
#1830=DIRECTION('center_axis',(0.,0.,1.));
#1831=DIRECTION('ref_axis',(1.,0.,0.));
#1832=DIRECTION('',(1.,0.,0.));
#1833=DIRECTION('center_axis',(0.,0.,1.));
#1834=DIRECTION('ref_axis',(-0.707106781186548,-0.707106781186547,0.));
#1835=DIRECTION('',(0.,-1.,0.));
#1836=DIRECTION('',(-1.,0.,0.));
#1837=DIRECTION('',(0.,-1.,0.));
#1838=DIRECTION('',(1.,0.,0.));
#1839=DIRECTION('',(0.,1.,0.));
#1840=DIRECTION('',(1.,0.,0.));
#1841=DIRECTION('center_axis',(0.,0.,1.));
#1842=DIRECTION('ref_axis',(-0.707106781186548,-0.707106781186547,0.));
#1843=DIRECTION('center_axis',(0.,0.,-1.));
#1844=DIRECTION('ref_axis',(-0.707106781186548,-0.707106781186547,0.));
#1845=DIRECTION('',(0.,0.,-1.));
#1846=DIRECTION('',(0.,0.,1.));
#1847=DIRECTION('center_axis',(-1.,0.,0.));
#1848=DIRECTION('ref_axis',(0.,-1.,0.));
#1849=DIRECTION('',(0.,-1.,0.));
#1850=DIRECTION('',(0.,0.,1.));
#1851=DIRECTION('center_axis',(0.,1.,0.));
#1852=DIRECTION('ref_axis',(-1.,0.,0.));
#1853=DIRECTION('',(0.,0.,1.));
#1854=DIRECTION('',(-1.,0.,0.));
#1855=DIRECTION('',(0.,0.,1.));
#1856=DIRECTION('center_axis',(1.,0.,0.));
#1857=DIRECTION('ref_axis',(0.,1.,0.));
#1858=DIRECTION('',(0.,1.,0.));
#1859=DIRECTION('',(0.,0.,1.));
#1860=DIRECTION('center_axis',(0.,1.,0.));
#1861=DIRECTION('ref_axis',(-1.,0.,0.));
#1862=DIRECTION('',(-1.,0.,0.));
#1863=DIRECTION('center_axis',(0.,-1.,0.));
#1864=DIRECTION('ref_axis',(1.,0.,0.));
#1865=DIRECTION('',(1.,0.,0.));
#1866=DIRECTION('center_axis',(0.,1.,0.));
#1867=DIRECTION('ref_axis',(-1.,0.,0.));
#1868=DIRECTION('',(-1.,0.,0.));
#1869=DIRECTION('',(0.,0.,1.));
#1870=DIRECTION('center_axis',(1.,0.,0.));
#1871=DIRECTION('ref_axis',(0.,1.,0.));
#1872=DIRECTION('',(0.,1.,0.));
#1873=DIRECTION('center_axis',(0.,0.,1.));
#1874=DIRECTION('ref_axis',(1.,0.,0.));
#1875=CARTESIAN_POINT('',(0.,0.,0.));
#1876=CARTESIAN_POINT('Origin',(28.6564919083839,5.98459500881531,0.));
#1877=CARTESIAN_POINT('',(28.6564919083839,5.98459500881531,0.));
#1878=CARTESIAN_POINT('',(24.6564919083839,5.98459500881531,0.));
#1879=CARTESIAN_POINT('',(28.6564919083839,5.98459500881531,0.));
#1880=CARTESIAN_POINT('',(24.6564919083839,5.98459500881531,2.));
#1881=CARTESIAN_POINT('',(24.6564919083839,5.98459500881531,0.));
#1882=CARTESIAN_POINT('',(28.6564919083839,5.98459500881531,2.));
#1883=CARTESIAN_POINT('',(28.6564919083839,5.98459500881531,2.));
#1884=CARTESIAN_POINT('',(28.6564919083839,5.98459500881531,0.));
#1885=CARTESIAN_POINT('Origin',(28.6564919083839,-8.01540499118469,0.));
#1886=CARTESIAN_POINT('',(28.6564919083839,-4.01540499118469,2.));
#1887=CARTESIAN_POINT('',(28.6564919083839,-8.01540499118469,2.));
#1888=CARTESIAN_POINT('',(28.6564919083839,-4.01540499118469,0.));
#1889=CARTESIAN_POINT('',(28.6564919083839,-4.01540499118469,0.));
#1890=CARTESIAN_POINT('',(28.6564919083839,-8.01540499118469,0.));
#1891=CARTESIAN_POINT('Origin',(28.6564919083839,21.9845950088153,0.));
#1892=CARTESIAN_POINT('',(28.6564919083839,31.9845950088153,0.));
#1893=CARTESIAN_POINT('',(28.6564919083839,21.9845950088153,0.));
#1894=CARTESIAN_POINT('',(28.6564919083839,35.9845950088153,0.));
#1895=CARTESIAN_POINT('',(28.6564919083839,31.9845950088153,2.));
#1896=CARTESIAN_POINT('',(28.6564919083839,31.9845950088153,0.));
#1897=CARTESIAN_POINT('',(28.6564919083839,21.9845950088153,2.));
#1898=CARTESIAN_POINT('',(28.6564919083839,35.9845950088153,2.));
#1899=CARTESIAN_POINT('',(28.6564919083839,21.9845950088153,0.));
#1900=CARTESIAN_POINT('Origin',(24.6564919083839,21.9845950088153,0.));
#1901=CARTESIAN_POINT('',(24.6564919083839,21.9845950088153,2.));
#1902=CARTESIAN_POINT('',(28.6564919083839,21.9845950088153,2.));
#1903=CARTESIAN_POINT('',(24.6564919083839,21.9845950088153,0.));
#1904=CARTESIAN_POINT('',(24.6564919083839,21.9845950088153,0.));
#1905=CARTESIAN_POINT('',(28.6564919083839,21.9845950088153,0.));
#1906=CARTESIAN_POINT('Origin',(-16.0935080916161,13.9845950088153,0.));
#1907=CARTESIAN_POINT('',(24.6564919083839,-8.01540499118469,0.));
#1908=CARTESIAN_POINT('Origin',(24.6564919083839,-4.01540499118469,0.));
#1909=CARTESIAN_POINT('',(-22.3435080916161,-8.01540499118469,0.));
#1910=CARTESIAN_POINT('',(-24.3435080916161,-8.01540499118469,0.));
#1911=CARTESIAN_POINT('',(-24.3435080916161,-6.01540499118469,0.));
#1912=CARTESIAN_POINT('Origin',(-22.3435080916161,-6.01540499118469,0.));
#1913=CARTESIAN_POINT('',(-24.3435080916161,-4.01540499118469,0.));
#1914=CARTESIAN_POINT('',(-24.3435080916161,-4.01540499118469,0.));
#1915=CARTESIAN_POINT('',(-49.8435080916161,-4.01540499118469,0.));
#1916=CARTESIAN_POINT('',(24.6564919083839,-4.01540499118469,0.));
#1917=CARTESIAN_POINT('',(-49.8435080916161,-6.01540499118468,0.));
#1918=CARTESIAN_POINT('',(-49.8435080916161,-4.01540499118469,0.));
#1919=CARTESIAN_POINT('',(-51.8435080916161,-8.01540499118469,0.));
#1920=CARTESIAN_POINT('Origin',(-51.8435080916161,-6.01540499118468,0.));
#1921=CARTESIAN_POINT('',(-56.8435080916161,-8.01540499118469,0.));
#1922=CARTESIAN_POINT('',(-49.8435080916161,-8.01540499118469,0.));
#1923=CARTESIAN_POINT('',(-60.8435080916161,-4.01540499118469,0.));
#1924=CARTESIAN_POINT('Origin',(-56.8435080916161,-4.01540499118469,0.));
#1925=CARTESIAN_POINT('',(-60.8435080916161,31.9845950088153,0.));
#1926=CARTESIAN_POINT('',(-60.8435080916161,35.9845950088153,0.));
#1927=CARTESIAN_POINT('',(-56.8435080916161,35.9845950088153,0.));
#1928=CARTESIAN_POINT('Origin',(-56.8435080916161,31.9845950088153,0.));
#1929=CARTESIAN_POINT('',(24.6564919083839,35.9845950088153,0.));
#1930=CARTESIAN_POINT('',(-56.8435080916161,35.9845950088153,0.));
#1931=CARTESIAN_POINT('Origin',(24.6564919083839,31.9845950088153,0.));
#1932=CARTESIAN_POINT('',(24.6564919083839,31.9845950088153,0.));
#1933=CARTESIAN_POINT('Origin',(-51.8435080916161,-6.01540499118468,0.));
#1934=CARTESIAN_POINT('',(-49.8435080916161,-6.01540499118468,2.));
#1935=CARTESIAN_POINT('',(-51.8435080916161,-8.01540499118469,2.));
#1936=CARTESIAN_POINT('Origin',(-51.8435080916161,-6.01540499118468,2.));
#1937=CARTESIAN_POINT('',(-51.8435080916161,-8.01540499118469,0.));
#1938=CARTESIAN_POINT('',(-49.8435080916161,-6.01540499118468,0.));
#1939=CARTESIAN_POINT('Origin',(-49.8435080916161,-8.01540499118469,0.));
#1940=CARTESIAN_POINT('',(-49.8435080916161,-4.01540499118469,2.));
#1941=CARTESIAN_POINT('',(-49.8435080916161,-4.01540499118469,0.));
#1942=CARTESIAN_POINT('',(-49.8435080916161,-4.01540499118469,2.));
#1943=CARTESIAN_POINT('Origin',(-22.3435080916161,-6.01540499118469,0.));
#1944=CARTESIAN_POINT('',(-22.3435080916161,-8.01540499118469,2.));
#1945=CARTESIAN_POINT('',(-24.3435080916161,-6.01540499118469,2.));
#1946=CARTESIAN_POINT('Origin',(-22.3435080916161,-6.01540499118469,2.));
#1947=CARTESIAN_POINT('',(-24.3435080916161,-6.01540499118469,0.));
#1948=CARTESIAN_POINT('',(-22.3435080916161,-8.01540499118469,0.));
#1949=CARTESIAN_POINT('Origin',(-24.3435080916161,-8.01540499118469,0.));
#1950=CARTESIAN_POINT('',(24.6564919083839,-8.01540499118469,2.));
#1951=CARTESIAN_POINT('',(24.6564919083839,-8.01540499118469,0.));
#1952=CARTESIAN_POINT('',(-24.3435080916161,-8.01540499118469,2.));
#1953=CARTESIAN_POINT('Origin',(-56.8435080916161,31.9845950088153,0.));
#1954=CARTESIAN_POINT('',(-60.8435080916161,31.9845950088153,2.));
#1955=CARTESIAN_POINT('',(-56.8435080916161,35.9845950088153,2.));
#1956=CARTESIAN_POINT('Origin',(-56.8435080916161,31.9845950088153,2.));
#1957=CARTESIAN_POINT('',(-56.8435080916161,35.9845950088153,0.));
#1958=CARTESIAN_POINT('',(-60.8435080916161,31.9845950088153,0.));
#1959=CARTESIAN_POINT('Origin',(-60.8435080916161,35.9845950088153,0.));
#1960=CARTESIAN_POINT('',(-60.8435080916161,-4.01540499118469,2.));
#1961=CARTESIAN_POINT('',(-60.8435080916161,-4.01540499118469,0.));
#1962=CARTESIAN_POINT('',(-60.8435080916161,35.9845950088153,2.));
#1963=CARTESIAN_POINT('Origin',(-56.8435080916161,-4.01540499118469,0.));
#1964=CARTESIAN_POINT('',(-56.8435080916161,-8.01540499118469,2.));
#1965=CARTESIAN_POINT('Origin',(-56.8435080916161,-4.01540499118469,2.));
#1966=CARTESIAN_POINT('',(-56.8435080916161,-8.01540499118469,0.));
#1967=CARTESIAN_POINT('Origin',(-60.8435080916161,-8.01540499118469,0.));
#1968=CARTESIAN_POINT('',(-49.8435080916161,-8.01540499118469,2.));
#1969=CARTESIAN_POINT('Origin',(24.6564919083839,31.9845950088153,0.));
#1970=CARTESIAN_POINT('',(24.6564919083839,35.9845950088153,2.));
#1971=CARTESIAN_POINT('Origin',(24.6564919083839,31.9845950088153,2.));
#1972=CARTESIAN_POINT('',(24.6564919083839,35.9845950088153,0.));
#1973=CARTESIAN_POINT('Origin',(28.6564919083839,35.9845950088153,0.));
#1974=CARTESIAN_POINT('',(-56.8435080916161,35.9845950088153,2.));
#1975=CARTESIAN_POINT('Origin',(24.6564919083839,-4.01540499118469,0.));
#1976=CARTESIAN_POINT('Origin',(24.6564919083839,-4.01540499118469,2.));
#1977=CARTESIAN_POINT('Origin',(-24.3435080916161,-4.01540499118469,0.));
#1978=CARTESIAN_POINT('',(-24.3435080916161,-4.01540499118469,2.));
#1979=CARTESIAN_POINT('',(-24.3435080916161,-4.01540499118469,2.));
#1980=CARTESIAN_POINT('',(-24.3435080916161,-4.01540499118469,0.));
#1981=CARTESIAN_POINT('Origin',(-49.8435080916161,-4.01540499118469,0.));
#1982=CARTESIAN_POINT('',(24.6564919083839,-4.01540499118469,2.));
#1983=CARTESIAN_POINT('Origin',(24.6564919083839,5.98459500881531,0.));
#1984=CARTESIAN_POINT('',(24.6564919083839,31.9845950088153,2.));
#1985=CARTESIAN_POINT('Origin',(-16.0935080916161,13.9845950088153,2.));
#1986=CARTESIAN_POINT('Origin',(28.6564919083839,21.9845950088153,0.));
#1987=CARTESIAN_POINT('',(28.6564919083839,31.9845950088153,0.));
#1988=CARTESIAN_POINT('',(28.6564919083839,21.9845950088153,0.));
#1989=CARTESIAN_POINT('',(28.6564919083839,35.9845950088153,0.));
#1990=CARTESIAN_POINT('',(28.6564919083839,31.9845950088153,17.8));
#1991=CARTESIAN_POINT('',(28.6564919083839,31.9845950088153,0.));
#1992=CARTESIAN_POINT('',(28.6564919083839,21.9845950088153,17.8));
#1993=CARTESIAN_POINT('',(28.6564919083839,35.9845950088153,17.8));
#1994=CARTESIAN_POINT('',(28.6564919083839,21.9845950088153,0.));
#1995=CARTESIAN_POINT('Origin',(24.6564919083839,21.9845950088153,0.));
#1996=CARTESIAN_POINT('',(24.6564919083839,21.9845950088153,17.8));
#1997=CARTESIAN_POINT('',(28.6564919083839,21.9845950088153,17.8));
#1998=CARTESIAN_POINT('',(24.6564919083839,21.9845950088153,0.));
#1999=CARTESIAN_POINT('',(24.6564919083839,21.9845950088153,0.));
#2000=CARTESIAN_POINT('',(28.6564919083839,21.9845950088153,0.));
#2001=CARTESIAN_POINT('Origin',(15.6564919083839,32.9845950088153,17.8));
#2002=CARTESIAN_POINT('',(15.6564919083839,32.9845950088153,17.8));
#2003=CARTESIAN_POINT('',(15.6564919083839,34.9845950088153,17.8));
#2004=CARTESIAN_POINT('',(15.6564919083839,28.790720803103,17.8));
#2005=CARTESIAN_POINT('',(15.6564919083839,32.9845950088153,3.8));
#2006=CARTESIAN_POINT('',(15.6564919083839,32.9845950088153,17.8));
#2007=CARTESIAN_POINT('',(15.6564919083839,34.9845950088153,3.8));
#2008=CARTESIAN_POINT('',(15.6564919083839,32.9845950088153,3.8));
#2009=CARTESIAN_POINT('',(15.6564919083839,34.9845950088153,17.8));
#2010=CARTESIAN_POINT('Origin',(23.6564919083839,32.9845950088153,17.8));
#2011=CARTESIAN_POINT('',(23.6564919083839,32.9845950088153,17.8));
#2012=CARTESIAN_POINT('',(3.78149190838391,32.9845950088153,17.8));
#2013=CARTESIAN_POINT('',(23.6564919083839,32.9845950088153,3.8));
#2014=CARTESIAN_POINT('',(23.6564919083839,32.9845950088153,17.8));
#2015=CARTESIAN_POINT('',(23.6564919083839,32.9845950088153,3.8));
#2016=CARTESIAN_POINT('Origin',(23.6564919083839,34.9845950088153,17.8));
#2017=CARTESIAN_POINT('',(23.6564919083839,34.9845950088153,17.8));
#2018=CARTESIAN_POINT('',(23.6564919083839,29.790720803103,17.8));
#2019=CARTESIAN_POINT('',(23.6564919083839,34.9845950088153,3.8));
#2020=CARTESIAN_POINT('',(23.6564919083839,34.9845950088153,17.8));
#2021=CARTESIAN_POINT('',(23.6564919083839,34.9845950088153,3.8));
#2022=CARTESIAN_POINT('Origin',(15.6564919083839,34.9845950088153,17.8));
#2023=CARTESIAN_POINT('',(-0.218508091616086,34.9845950088153,17.8));
#2024=CARTESIAN_POINT('',(15.6564919083839,34.9845950088153,3.8));
#2025=CARTESIAN_POINT('Origin',(19.6564919083839,33.9845950088153,3.8));
#2026=CARTESIAN_POINT('Origin',(-55.8435080916161,32.9845950088153,17.8));
#2027=CARTESIAN_POINT('',(-55.8435080916161,32.9845950088153,17.8));
#2028=CARTESIAN_POINT('',(-55.8435080916161,34.9845950088153,17.8));
#2029=CARTESIAN_POINT('',(-55.8435080916161,28.790720803103,17.8));
#2030=CARTESIAN_POINT('',(-55.8435080916161,32.9845950088153,3.8));
#2031=CARTESIAN_POINT('',(-55.8435080916161,32.9845950088153,17.8));
#2032=CARTESIAN_POINT('',(-55.8435080916161,34.9845950088153,3.8));
#2033=CARTESIAN_POINT('',(-55.8435080916161,32.9845950088153,3.8));
#2034=CARTESIAN_POINT('',(-55.8435080916161,34.9845950088153,17.8));
#2035=CARTESIAN_POINT('Origin',(-47.8435080916161,32.9845950088153,17.8));
#2036=CARTESIAN_POINT('',(-47.8435080916161,32.9845950088153,17.8));
#2037=CARTESIAN_POINT('',(-31.9685080916161,32.9845950088153,17.8));
#2038=CARTESIAN_POINT('',(-47.8435080916161,32.9845950088153,3.8));
#2039=CARTESIAN_POINT('',(-47.8435080916161,32.9845950088153,17.8));
#2040=CARTESIAN_POINT('',(-47.8435080916161,32.9845950088153,3.8));
#2041=CARTESIAN_POINT('Origin',(-47.8435080916161,34.9845950088153,17.8));
#2042=CARTESIAN_POINT('',(-47.8435080916161,34.9845950088153,17.8));
#2043=CARTESIAN_POINT('',(-47.8435080916161,29.790720803103,17.8));
#2044=CARTESIAN_POINT('',(-47.8435080916161,34.9845950088153,3.8));
#2045=CARTESIAN_POINT('',(-47.8435080916161,34.9845950088153,17.8));
#2046=CARTESIAN_POINT('',(-47.8435080916161,34.9845950088153,3.8));
#2047=CARTESIAN_POINT('Origin',(-55.8435080916161,34.9845950088153,17.8));
#2048=CARTESIAN_POINT('',(-35.9685080916161,34.9845950088153,17.8));
#2049=CARTESIAN_POINT('',(-55.8435080916161,34.9845950088153,3.8));
#2050=CARTESIAN_POINT('Origin',(-51.8435080916161,33.9845950088153,3.8));
#2051=CARTESIAN_POINT('Origin',(-16.0935080916161,24.5968465973907,17.8));
#2052=CARTESIAN_POINT('',(24.6564919083839,35.9845950088153,17.8));
#2053=CARTESIAN_POINT('Origin',(24.6564919083839,31.9845950088153,17.8));
#2054=CARTESIAN_POINT('',(-56.8435080916161,35.9845950088153,17.8));
#2055=CARTESIAN_POINT('',(24.6564919083839,35.9845950088153,17.8));
#2056=CARTESIAN_POINT('',(-60.8435080916161,31.9845950088153,17.8));
#2057=CARTESIAN_POINT('Origin',(-56.8435080916161,31.9845950088153,17.8));
#2058=CARTESIAN_POINT('',(-60.8435080916161,13.209098185966,17.8));
#2059=CARTESIAN_POINT('',(-60.8435080916161,35.9845950088153,17.8));
#2060=CARTESIAN_POINT('',(-58.8435080916161,13.209098185966,17.8));
#2061=CARTESIAN_POINT('',(-60.8435080916161,13.209098185966,17.8));
#2062=CARTESIAN_POINT('',(-58.8435080916161,15.9845950088153,17.8));
#2063=CARTESIAN_POINT('',(-58.8435080916161,15.9845950088153,17.8));
#2064=CARTESIAN_POINT('',(-56.8435080916161,15.9845950088153,17.8));
#2065=CARTESIAN_POINT('',(-56.8435080916161,15.9845950088153,17.8));
#2066=CARTESIAN_POINT('',(-56.8435080916161,31.9845950088153,17.8));
#2067=CARTESIAN_POINT('',(-56.8435080916161,-8.01540499118469,17.8));
#2068=CARTESIAN_POINT('',(-46.8435080916161,31.9845950088153,17.8));
#2069=CARTESIAN_POINT('',(-56.8435080916161,31.9845950088153,17.8));
#2070=CARTESIAN_POINT('',(-46.8435080916161,34.0000005066395,17.8));
#2071=CARTESIAN_POINT('',(-46.8435080916161,31.9845950088153,17.8));
#2072=CARTESIAN_POINT('',(14.6564919083839,34.0000005066395,17.8));
#2073=CARTESIAN_POINT('',(-46.8435080916161,34.0000005066395,17.8));
#2074=CARTESIAN_POINT('',(14.6564919083839,31.9845950088153,17.8));
#2075=CARTESIAN_POINT('',(14.6564919083839,34.0000005066395,17.8));
#2076=CARTESIAN_POINT('',(24.6564919083839,31.9845950088153,17.8));
#2077=CARTESIAN_POINT('',(-56.8435080916161,31.9845950088153,17.8));
#2078=CARTESIAN_POINT('',(24.6564919083839,21.9845950088153,17.8));
#2079=CARTESIAN_POINT('Origin',(-56.8435080916161,31.9845950088153,0.));
#2080=CARTESIAN_POINT('',(-56.8435080916161,35.9845950088153,0.));
#2081=CARTESIAN_POINT('',(-56.8435080916161,35.9845950088153,0.));
#2082=CARTESIAN_POINT('',(-60.8435080916161,31.9845950088153,0.));
#2083=CARTESIAN_POINT('Origin',(-56.8435080916161,31.9845950088153,0.));
#2084=CARTESIAN_POINT('',(-60.8435080916161,31.9845950088153,0.));
#2085=CARTESIAN_POINT('Origin',(28.6564919083839,35.9845950088153,0.));
#2086=CARTESIAN_POINT('',(24.6564919083839,35.9845950088153,0.));
#2087=CARTESIAN_POINT('',(24.6564919083839,35.9845950088153,0.));
#2088=CARTESIAN_POINT('',(24.6564919083839,35.9845950088153,0.));
#2089=CARTESIAN_POINT('Origin',(24.6564919083839,31.9845950088153,0.));
#2090=CARTESIAN_POINT('Origin',(24.6564919083839,31.9845950088153,0.));
#2091=CARTESIAN_POINT('Origin',(24.6564919083839,31.9845950088153,0.));
#2092=CARTESIAN_POINT('',(24.6564919083839,31.9845950088153,0.));
#2093=CARTESIAN_POINT('',(24.6564919083839,21.9845950088153,0.));
#2094=CARTESIAN_POINT('',(24.6564919083839,31.9845950088153,0.));
#2095=CARTESIAN_POINT('Origin',(14.6564919083839,31.9845950088153,0.));
#2096=CARTESIAN_POINT('',(14.6564919083839,31.9845950088153,0.));
#2097=CARTESIAN_POINT('',(-56.8435080916161,31.9845950088153,0.));
#2098=CARTESIAN_POINT('',(14.6564919083839,31.9845950088153,0.));
#2099=CARTESIAN_POINT('Origin',(14.6564919083839,34.0000005066395,0.));
#2100=CARTESIAN_POINT('',(14.6564919083839,34.0000005066395,0.));
#2101=CARTESIAN_POINT('',(14.6564919083839,34.0000005066395,0.));
#2102=CARTESIAN_POINT('',(14.6564919083839,34.0000005066395,0.));
#2103=CARTESIAN_POINT('Origin',(-46.8435080916161,34.0000005066395,0.));
#2104=CARTESIAN_POINT('',(-46.8435080916161,34.0000005066395,0.));
#2105=CARTESIAN_POINT('',(-46.8435080916161,34.0000005066395,0.));
#2106=CARTESIAN_POINT('',(-46.8435080916161,34.0000005066395,0.));
#2107=CARTESIAN_POINT('Origin',(-46.8435080916161,31.9845950088153,0.));
#2108=CARTESIAN_POINT('',(-46.8435080916161,31.9845950088153,0.));
#2109=CARTESIAN_POINT('',(-46.8435080916161,31.9845950088153,0.));
#2110=CARTESIAN_POINT('',(-46.8435080916161,31.9845950088153,0.));
#2111=CARTESIAN_POINT('Origin',(-56.8435080916161,31.9845950088153,0.));
#2112=CARTESIAN_POINT('',(-56.8435080916161,31.9845950088153,0.));
#2113=CARTESIAN_POINT('',(-56.8435080916161,31.9845950088153,0.));
#2114=CARTESIAN_POINT('',(-56.8435080916161,31.9845950088153,0.));
#2115=CARTESIAN_POINT('Origin',(-56.8435080916161,15.9845950088153,0.));
#2116=CARTESIAN_POINT('',(-56.8435080916161,15.9845950088153,0.));
#2117=CARTESIAN_POINT('',(-56.8435080916161,-8.01540499118469,0.));
#2118=CARTESIAN_POINT('',(-56.8435080916161,15.9845950088153,0.));
#2119=CARTESIAN_POINT('Origin',(-58.8435080916161,15.9845950088153,0.));
#2120=CARTESIAN_POINT('',(-58.8435080916161,15.9845950088153,0.));
#2121=CARTESIAN_POINT('',(-56.8435080916161,15.9845950088153,0.));
#2122=CARTESIAN_POINT('',(-58.8435080916161,15.9845950088153,0.));
#2123=CARTESIAN_POINT('Origin',(-58.8435080916161,13.209098185966,0.));
#2124=CARTESIAN_POINT('',(-58.8435080916161,13.209098185966,0.));
#2125=CARTESIAN_POINT('',(-58.8435080916161,15.9845950088153,0.));
#2126=CARTESIAN_POINT('',(-58.8435080916161,13.209098185966,0.));
#2127=CARTESIAN_POINT('Origin',(-60.8435080916161,13.209098185966,0.));
#2128=CARTESIAN_POINT('',(-60.8435080916161,13.209098185966,0.));
#2129=CARTESIAN_POINT('',(-60.8435080916161,13.209098185966,0.));
#2130=CARTESIAN_POINT('',(-60.8435080916161,13.209098185966,0.));
#2131=CARTESIAN_POINT('Origin',(-60.8435080916161,35.9845950088153,0.));
#2132=CARTESIAN_POINT('',(-60.8435080916161,35.9845950088153,0.));
#2133=CARTESIAN_POINT('Origin',(-16.0935080916161,24.5968465973907,0.));
#2134=CARTESIAN_POINT('Origin',(28.6564919083839,5.98459500881531,0.));
#2135=CARTESIAN_POINT('',(28.6564919083839,5.98459500881531,0.));
#2136=CARTESIAN_POINT('',(24.6564919083839,5.98459500881531,0.));
#2137=CARTESIAN_POINT('',(28.6564919083839,5.98459500881531,0.));
#2138=CARTESIAN_POINT('',(24.6564919083839,5.98459500881531,17.8));
#2139=CARTESIAN_POINT('',(24.6564919083839,5.98459500881531,0.));
#2140=CARTESIAN_POINT('',(28.6564919083839,5.98459500881531,17.8));
#2141=CARTESIAN_POINT('',(28.6564919083839,5.98459500881531,17.8));
#2142=CARTESIAN_POINT('',(28.6564919083839,5.98459500881531,0.));
#2143=CARTESIAN_POINT('Origin',(28.6564919083839,-8.01540499118469,0.));
#2144=CARTESIAN_POINT('',(28.6564919083839,-4.01540499118469,17.8));
#2145=CARTESIAN_POINT('',(28.6564919083839,-8.01540499118469,17.8));
#2146=CARTESIAN_POINT('',(28.6564919083839,-4.01540499118469,0.));
#2147=CARTESIAN_POINT('',(28.6564919083839,-4.01540499118469,0.));
#2148=CARTESIAN_POINT('',(28.6564919083839,-8.01540499118469,0.));
#2149=CARTESIAN_POINT('Origin',(15.6564919083839,-7.01540499118469,17.8));
#2150=CARTESIAN_POINT('',(15.6564919083839,-7.01540499118469,17.8));
#2151=CARTESIAN_POINT('',(15.6564919083839,-5.01540499118469,17.8));
#2152=CARTESIAN_POINT('',(15.6564919083839,-4.01540499118469,17.8));
#2153=CARTESIAN_POINT('',(15.6564919083839,-7.01540499118469,3.8));
#2154=CARTESIAN_POINT('',(15.6564919083839,-7.01540499118469,17.8));
#2155=CARTESIAN_POINT('',(15.6564919083839,-5.01540499118469,3.8));
#2156=CARTESIAN_POINT('',(15.6564919083839,-7.01540499118469,3.8));
#2157=CARTESIAN_POINT('',(15.6564919083839,-5.01540499118469,17.8));
#2158=CARTESIAN_POINT('Origin',(23.6564919083839,-7.01540499118469,17.8));
#2159=CARTESIAN_POINT('',(23.6564919083839,-7.01540499118469,17.8));
#2160=CARTESIAN_POINT('',(12.9064919083839,-7.01540499118469,17.8));
#2161=CARTESIAN_POINT('',(23.6564919083839,-7.01540499118469,3.8));
#2162=CARTESIAN_POINT('',(23.6564919083839,-7.01540499118469,17.8));
#2163=CARTESIAN_POINT('',(23.6564919083839,-7.01540499118469,3.8));
#2164=CARTESIAN_POINT('Origin',(23.6564919083839,-5.01540499118469,17.8));
#2165=CARTESIAN_POINT('',(23.6564919083839,-5.01540499118469,17.8));
#2166=CARTESIAN_POINT('',(23.6564919083839,-3.01540499118469,17.8));
#2167=CARTESIAN_POINT('',(23.6564919083839,-5.01540499118469,3.8));
#2168=CARTESIAN_POINT('',(23.6564919083839,-5.01540499118469,17.8));
#2169=CARTESIAN_POINT('',(23.6564919083839,-5.01540499118469,3.8));
#2170=CARTESIAN_POINT('Origin',(15.6564919083839,-5.01540499118469,17.8));
#2171=CARTESIAN_POINT('',(8.90649190838393,-5.01540499118469,17.8));
#2172=CARTESIAN_POINT('',(15.6564919083839,-5.01540499118469,3.8));
#2173=CARTESIAN_POINT('Origin',(19.6564919083839,-6.01540499118469,3.8));
#2174=CARTESIAN_POINT('Origin',(2.15649190838393,-1.01540499118469,0.));
#2175=CARTESIAN_POINT('',(24.6564919083839,-8.01540499118469,0.));
#2176=CARTESIAN_POINT('Origin',(24.6564919083839,-4.01540499118469,0.));
#2177=CARTESIAN_POINT('',(-22.3435080916161,-8.01540499118469,0.));
#2178=CARTESIAN_POINT('',(-24.3435080916161,-8.01540499118469,0.));
#2179=CARTESIAN_POINT('',(-24.3435080916161,-6.01540499118469,0.));
#2180=CARTESIAN_POINT('Origin',(-22.3435080916161,-6.01540499118469,0.));
#2181=CARTESIAN_POINT('',(-24.3435080916161,-4.01540499118469,0.));
#2182=CARTESIAN_POINT('',(-24.3435080916161,-4.01540499118469,0.));
#2183=CARTESIAN_POINT('',(24.6564919083839,-4.01540499118469,0.));
#2184=CARTESIAN_POINT('',(24.6564919083839,-4.01540499118469,0.));
#2185=CARTESIAN_POINT('',(24.6564919083839,5.98459500881531,0.));
#2186=CARTESIAN_POINT('Origin',(-22.3435080916161,-6.01540499118469,0.));
#2187=CARTESIAN_POINT('',(-22.3435080916161,-8.01540499118469,17.8));
#2188=CARTESIAN_POINT('',(-24.3435080916161,-6.01540499118469,17.8));
#2189=CARTESIAN_POINT('Origin',(-22.3435080916161,-6.01540499118469,17.8));
#2190=CARTESIAN_POINT('',(-24.3435080916161,-6.01540499118469,0.));
#2191=CARTESIAN_POINT('',(-22.3435080916161,-8.01540499118469,0.));
#2192=CARTESIAN_POINT('Origin',(-24.3435080916161,-8.01540499118469,0.));
#2193=CARTESIAN_POINT('',(24.6564919083839,-8.01540499118469,17.8));
#2194=CARTESIAN_POINT('',(24.6564919083839,-8.01540499118469,0.));
#2195=CARTESIAN_POINT('',(-24.3435080916161,-8.01540499118469,17.8));
#2196=CARTESIAN_POINT('Origin',(24.6564919083839,-4.01540499118469,0.));
#2197=CARTESIAN_POINT('Origin',(24.6564919083839,-4.01540499118469,17.8));
#2198=CARTESIAN_POINT('Origin',(-24.3435080916161,-4.01540499118469,0.));
#2199=CARTESIAN_POINT('',(-24.3435080916161,-4.01540499118469,17.8));
#2200=CARTESIAN_POINT('',(-24.3435080916161,-4.01540499118469,17.8));
#2201=CARTESIAN_POINT('',(-24.3435080916161,-4.01540499118469,0.));
#2202=CARTESIAN_POINT('Origin',(24.6564919083839,-4.01540499118469,0.));
#2203=CARTESIAN_POINT('',(24.6564919083839,-4.01540499118469,17.8));
#2204=CARTESIAN_POINT('',(24.6564919083839,-4.01540499118469,17.8));
#2205=CARTESIAN_POINT('',(24.6564919083839,-4.01540499118469,0.));
#2206=CARTESIAN_POINT('Origin',(24.6564919083839,5.98459500881531,0.));
#2207=CARTESIAN_POINT('',(24.6564919083839,5.98459500881531,17.8));
#2208=CARTESIAN_POINT('Origin',(2.15649190838393,-1.01540499118469,17.8));
#2209=CARTESIAN_POINT('Origin',(-51.8435080916161,-6.01540499118469,0.));
#2210=CARTESIAN_POINT('',(-49.8435080916161,-6.01540499118469,17.8));
#2211=CARTESIAN_POINT('',(-51.8435080916161,-8.01540499118469,17.8));
#2212=CARTESIAN_POINT('Origin',(-51.8435080916161,-6.01540499118469,17.8));
#2213=CARTESIAN_POINT('',(-51.8435080916161,-8.01540499118469,0.));
#2214=CARTESIAN_POINT('',(-51.8435080916161,-8.01540499118469,0.));
#2215=CARTESIAN_POINT('',(-49.8435080916161,-6.01540499118469,0.));
#2216=CARTESIAN_POINT('Origin',(-51.8435080916161,-6.01540499118469,0.));
#2217=CARTESIAN_POINT('',(-49.8435080916161,-6.01540499118469,0.));
#2218=CARTESIAN_POINT('Origin',(-49.8435080916161,-8.01540499118469,0.));
#2219=CARTESIAN_POINT('',(-49.8435080916161,-4.01540499118469,0.));
#2220=CARTESIAN_POINT('',(-49.8435080916161,-4.01540499118469,0.));
#2221=CARTESIAN_POINT('',(-49.8435080916161,-4.01540499118469,17.8));
#2222=CARTESIAN_POINT('',(-49.8435080916161,-4.01540499118469,0.));
#2223=CARTESIAN_POINT('',(-49.8435080916161,-4.01540499118469,17.8));
#2224=CARTESIAN_POINT('Origin',(-55.3435080916161,2.58626424581502,0.));
#2225=CARTESIAN_POINT('',(-56.8435080916161,-8.01540499118469,0.));
#2226=CARTESIAN_POINT('',(-60.8435080916161,-8.01540499118469,0.));
#2227=CARTESIAN_POINT('',(-60.8435080916161,-4.01540499118469,0.));
#2228=CARTESIAN_POINT('Origin',(-56.8435080916161,-4.01540499118469,0.));
#2229=CARTESIAN_POINT('',(-60.8435080916161,13.1879334828147,0.));
#2230=CARTESIAN_POINT('',(-60.8435080916161,35.9845950088153,0.));
#2231=CARTESIAN_POINT('',(-58.8435080916161,13.1879334828147,0.));
#2232=CARTESIAN_POINT('',(-58.8435080916161,13.1879334828147,0.));
#2233=CARTESIAN_POINT('',(-58.8435080916161,10.9845950088153,0.));
#2234=CARTESIAN_POINT('',(-58.8435080916161,15.9845950088153,0.));
#2235=CARTESIAN_POINT('',(-56.8435080916161,10.9845950088153,0.));
#2236=CARTESIAN_POINT('',(-58.8435080916161,10.9845950088153,0.));
#2237=CARTESIAN_POINT('',(-56.8435080916161,-4.01540499118469,0.));
#2238=CARTESIAN_POINT('',(-56.8435080916161,-8.01540499118469,0.));
#2239=CARTESIAN_POINT('',(-56.8435080916161,-4.01540499118469,0.));
#2240=CARTESIAN_POINT('Origin',(-56.8435080916161,-4.01540499118469,0.));
#2241=CARTESIAN_POINT('',(-56.8435080916161,-8.01540499118469,17.8));
#2242=CARTESIAN_POINT('',(-60.8435080916161,-4.01540499118469,17.8));
#2243=CARTESIAN_POINT('Origin',(-56.8435080916161,-4.01540499118469,17.8));
#2244=CARTESIAN_POINT('',(-60.8435080916161,-4.01540499118469,0.));
#2245=CARTESIAN_POINT('',(-56.8435080916161,-8.01540499118469,0.));
#2246=CARTESIAN_POINT('Origin',(-60.8435080916161,13.1879334828147,0.));
#2247=CARTESIAN_POINT('',(-60.8435080916161,13.1879334828147,17.8));
#2248=CARTESIAN_POINT('',(-60.8435080916161,35.9845950088153,17.8));
#2249=CARTESIAN_POINT('',(-60.8435080916161,13.1879334828147,0.));
#2250=CARTESIAN_POINT('Origin',(-56.8435080916161,10.9845950088153,0.));
#2251=CARTESIAN_POINT('',(-58.8435080916161,10.9845950088153,17.8));
#2252=CARTESIAN_POINT('',(-58.8435080916161,10.9845950088153,0.));
#2253=CARTESIAN_POINT('',(-56.8435080916161,10.9845950088153,17.8));
#2254=CARTESIAN_POINT('',(-58.8435080916161,10.9845950088153,17.8));
#2255=CARTESIAN_POINT('',(-56.8435080916161,10.9845950088153,0.));
#2256=CARTESIAN_POINT('Origin',(-56.8435080916161,-4.01540499118469,0.));
#2257=CARTESIAN_POINT('',(-56.8435080916161,-4.01540499118469,17.8));
#2258=CARTESIAN_POINT('',(-56.8435080916161,-8.01540499118469,17.8));
#2259=CARTESIAN_POINT('',(-56.8435080916161,-4.01540499118469,0.));
#2260=CARTESIAN_POINT('Origin',(-49.8435080916161,-4.01540499118469,0.));
#2261=CARTESIAN_POINT('',(-56.8435080916161,-4.01540499118469,17.8));
#2262=CARTESIAN_POINT('Origin',(-60.8435080916161,-8.01540499118469,0.));
#2263=CARTESIAN_POINT('',(-60.8435080916161,-8.01540499118469,17.8));
#2264=CARTESIAN_POINT('Origin',(-58.8435080916161,13.1879334828147,0.));
#2265=CARTESIAN_POINT('',(-58.8435080916161,13.1879334828147,17.8));
#2266=CARTESIAN_POINT('',(-58.8435080916161,13.1879334828147,17.8));
#2267=CARTESIAN_POINT('',(-58.8435080916161,13.1879334828147,0.));
#2268=CARTESIAN_POINT('Origin',(-58.8435080916161,10.9845950088153,0.));
#2269=CARTESIAN_POINT('',(-58.8435080916161,15.9845950088153,17.8));
#2270=CARTESIAN_POINT('Origin',(-55.3435080916161,2.58626424581502,17.8));
#2271=UNCERTAINTY_MEASURE_WITH_UNIT(LENGTH_MEASURE(0.01),#2275,
'DISTANCE_ACCURACY_VALUE',
'Maximum model space distance between geometric entities at asserted c
onnectivities');
#2272=UNCERTAINTY_MEASURE_WITH_UNIT(LENGTH_MEASURE(0.01),#2275,
'DISTANCE_ACCURACY_VALUE',
'Maximum model space distance between geometric entities at asserted c
onnectivities');
#2273=(
GEOMETRIC_REPRESENTATION_CONTEXT(3)
GLOBAL_UNCERTAINTY_ASSIGNED_CONTEXT((#2271))
GLOBAL_UNIT_ASSIGNED_CONTEXT((#2275,#2277,#2278))
REPRESENTATION_CONTEXT('','3D')
);
#2274=(
GEOMETRIC_REPRESENTATION_CONTEXT(3)
GLOBAL_UNCERTAINTY_ASSIGNED_CONTEXT((#2272))
GLOBAL_UNIT_ASSIGNED_CONTEXT((#2275,#2277,#2278))
REPRESENTATION_CONTEXT('','3D')
);
#2275=(
LENGTH_UNIT()
NAMED_UNIT(*)
SI_UNIT(.MILLI.,.METRE.)
);
#2276=(
LENGTH_UNIT()
NAMED_UNIT(*)
SI_UNIT($,.METRE.)
);
#2277=(
NAMED_UNIT(*)
PLANE_ANGLE_UNIT()
SI_UNIT($,.RADIAN.)
);
#2278=(
NAMED_UNIT(*)
SI_UNIT($,.STERADIAN.)
SOLID_ANGLE_UNIT()
);
#2279=SHAPE_DEFINITION_REPRESENTATION(#2280,#2281);
#2280=PRODUCT_DEFINITION_SHAPE('',$,#2283);
#2281=SHAPE_REPRESENTATION('',(#1407),#2273);
#2282=PRODUCT_DEFINITION_CONTEXT('part definition',#2287,'design');
#2283=PRODUCT_DEFINITION('2026-04-17-22-42-46-108','transmitter body',#2284,
#2282);
#2284=PRODUCT_DEFINITION_FORMATION('',$,#2289);
#2285=PRODUCT_RELATED_PRODUCT_CATEGORY('transmitter body',
'transmitter body',(#2289));
#2286=APPLICATION_PROTOCOL_DEFINITION('international standard',
'automotive_design',2009,#2287);
#2287=APPLICATION_CONTEXT(
'Core Data for Automotive Mechanical Design Process');
#2288=PRODUCT_CONTEXT('part definition',#2287,'mechanical');
#2289=PRODUCT('2026-04-17-22-42-46-108','transmitter body',$,(#2288));
#2290=PRESENTATION_STYLE_ASSIGNMENT((#2291));
#2291=SURFACE_STYLE_USAGE(.BOTH.,#2292);
#2292=SURFACE_SIDE_STYLE('',(#2293));
#2293=SURFACE_STYLE_FILL_AREA(#2294);
#2294=FILL_AREA_STYLE('Steel - Satin',(#2295));
#2295=FILL_AREA_STYLE_COLOUR('Steel - Satin',#2296);
#2296=COLOUR_RGB('Steel - Satin',0.627450980392157,0.627450980392157,0.627450980392157);
ENDSEC;
END-ISO-10303-21;
